pattern,nodes,size,strat_label,strat,load_balancing_algo,extra_flags,load_fraction,flowsize,seed,duration_s,n_flows,fct_mean,fct_p50,fct_p99,fct_max,fct_min,new,rtx,rts,bounced,acks,nacks,pulls,sleek_pkts,rtx_rate_pct,rts_rate_pct,nack_rate_pct,bounced_rate_pct
tornado,1100,m,fpar_tq3,fpar,oblivious,-target_q_delay 3,0.25,500000,1,5.34,275,155.99939709090913,149.096,315.994,321.479,51.9834,33825,5681,0,0,24230,5581,0,0,16.79526977087953,0.0,16.499630450849963,0.0
tornado,1100,m,fpar_tq6,fpar,oblivious,-target_q_delay 6,0.25,500000,1,4.26,275,147.60461490909094,139.211,301.376,343.052,51.9834,33825,5925,0,0,26525,5803,0,0,17.516629711751662,0.0,17.155949741315595,0.0
tornado,1100,m,fpar_tq12,fpar,oblivious,-target_q_delay 12,0.25,500000,1,3.96,275,145.00306581818185,133.622,297.19,322.605,51.9834,33825,6087,0,0,28904,5974,0,0,17.995565410199557,0.0,17.661492978566148,0.0
tornado,1100,m,fpar_tq24,fpar,oblivious,-target_q_delay 24,0.25,500000,1,3.97,275,144.6885050909091,133.848,300.391,311.871,51.9834,33825,6158,0,0,28783,6037,0,0,18.20546932742055,0.0,17.847745750184774,0.0
tornado,1100,m,reps_dfp_best,reps_dfp,reps,-reps_partition_entropy,0.25,500000,1,1.04,275,139.73396909090903,135.08,331.844,347.765,51.9834,33825,6346,0,0,29876,6346,0,0,18.761271249076128,0.0,18.761271249076128,0.0
tornado,1100,m,fpar_tq1,fpar,oblivious,-target_q_delay 1,0.25,500000,2,2.11,275,159.07290872727276,157.924,309.291,394.798,51.9834,33825,5487,1,0,22917,5457,0,0,16.221729490022174,0.0029563932002956393,16.133037694013304,0.0
tornado,1100,m,fpar_tq3,fpar,oblivious,-target_q_delay 3,0.25,500000,2,1.85,275,155.39582509090897,157.571,309.806,311.798,51.9834,33825,5978,1,0,24475,5939,0,0,17.67331855136733,0.0029563932002956393,17.558019216555802,0.0
tornado,1100,m,fpar_tq6,fpar,oblivious,-target_q_delay 6,0.25,500000,2,2.35,275,146.88027490909093,143.969,295.497,317.624,51.9834,33825,6287,0,0,27052,6245,0,0,18.586844050258684,0.0,18.462675535846266,0.0
tornado,1100,m,fpar_tq12,fpar,oblivious,-target_q_delay 12,0.25,500000,2,1.96,275,143.29403781818186,135.538,294.273,300.315,51.9834,33825,6422,0,0,29895,6381,0,0,18.985957132298594,0.0,18.864745011086473,0.0
tornado,1100,m,fpar_tq24,fpar,oblivious,-target_q_delay 24,0.25,500000,2,3.38,275,142.5754530909091,133.833,275.366,303.369,51.9834,33825,6501,0,0,29819,6459,0,0,19.21951219512195,0.0,19.095343680709533,0.0
tornado,1100,m,reps_dfp_best,reps_dfp,reps,-reps_partition_entropy,0.25,500000,2,0.7,275,145.35935927272726,136.756,305.568,315.657,51.9834,33825,6544,0,0,29867,6544,0,0,19.346637102734665,0.0,19.346637102734665,0.0
tornado,1100,m,fpar_tq1,fpar,oblivious,-target_q_delay 1,0.25,500000,3,4.36,275,154.15239381818182,152.939,292.625,328.346,51.9834,33825,5489,2,0,23322,5413,0,0,16.227642276422763,0.005912786400591279,16.002956393200297,0.0
tornado,1100,m,fpar_tq3,fpar,oblivious,-target_q_delay 3,0.25,500000,3,2.25,275,151.53296436363635,147.632,286.068,343.103,51.9834,33825,5815,0,0,24836,5739,0,0,17.191426459719143,0.0,16.966740576496672,0.0
tornado,1100,m,fpar_tq6,fpar,oblivious,-target_q_delay 6,0.25,500000,3,2.41,275,142.03787454545463,138.18,268.212,329.134,51.9834,33825,6013,1,0,27292,5949,0,0,17.77679231337768,0.0029563932002956393,17.587583148558757,0.0
tornado,1100,m,fpar_tq12,fpar,oblivious,-target_q_delay 12,0.25,500000,3,2.06,275,140.10860654545453,133.617,296.335,300.053,51.9834,33825,6174,1,0,30215,6096,0,0,18.252771618625278,0.0029563932002956393,18.02217294900222,0.0
tornado,1100,m,fpar_tq24,fpar,oblivious,-target_q_delay 24,0.25,500000,3,2.71,275,139.99665272727262,133.617,276.683,300.778,51.9834,33825,6220,0,0,30071,6139,0,0,18.38876570583888,0.0,18.14929785661493,0.0
tornado,1100,m,reps_dfp_best,reps_dfp,reps,-reps_partition_entropy,0.25,500000,3,0.73,275,139.39067418181813,133.752,310.978,362.515,51.9834,33825,6183,0,0,30109,6183,0,0,18.27937915742794,0.0,18.27937915742794,0.0
tornado,1100,m,fpar_tq1,fpar,oblivious,-target_q_delay 1,0.25,500000,4,2.16,275,153.21956581818185,149.399,311.283,331.842,51.9834,33825,5232,0,0,23229,5161,0,0,15.467849223946786,0.0,15.257945306725794,0.0
tornado,1100,m,fpar_tq3,fpar,oblivious,-target_q_delay 3,0.25,500000,4,2.36,275,150.2513301818181,144.05,311.084,315.732,51.9834,33825,5585,0,0,24442,5502,0,0,16.511456023651146,0.0,16.266075388026607,0.0
tornado,1100,m,fpar_tq6,fpar,oblivious,-target_q_delay 6,0.25,500000,4,2.69,275,142.6126407272727,138.159,300.038,326.292,51.9834,33825,5779,0,0,26923,5688,0,0,17.0849963045085,0.0,16.815964523281597,0.0
tornado,1100,m,fpar_tq12,fpar,oblivious,-target_q_delay 12,0.25,500000,4,2.48,275,140.82699890909083,133.627,319.778,323.762,51.9834,33825,5925,1,0,29402,5828,0,0,17.516629711751662,0.0029563932002956393,17.229859571322987,0.0
tornado,1100,m,fpar_tq24,fpar,oblivious,-target_q_delay 24,0.25,500000,4,2.78,275,141.45174581818185,133.622,293.801,314.783,51.9834,33825,5977,0,0,29423,5876,0,0,17.670362158167038,0.0,17.371766444937176,0.0
tornado,1100,m,reps_dfp_best,reps_dfp,reps,-reps_partition_entropy,0.25,500000,4,0.69,275,155.3108618181818,140.257,321.473,334.083,51.9834,33825,6931,0,0,29296,6931,0,0,20.490761271249077,0.0,20.490761271249077,0.0
tornado,1100,m,fpar_tq1,fpar,oblivious,-target_q_delay 1,0.25,500000,5,1.7,275,158.48268945454555,163.898,317.767,330.851,51.9834,33825,5439,0,0,22773,5402,0,0,16.07982261640798,0.0,15.970436067997044,0.0
tornado,1100,m,fpar_tq3,fpar,oblivious,-target_q_delay 3,0.25,500000,5,1.38,275,153.7777167272727,154.489,313.649,317.483,51.9834,33825,5869,1,0,23935,5823,0,0,17.351071692535108,0.0029563932002956393,17.215077605321508,0.0
tornado,1100,m,fpar_tq6,fpar,oblivious,-target_q_delay 6,0.25,500000,5,2.0,275,145.403734909091,146.483,314.581,343.928,51.9834,33825,6095,0,0,26305,6044,0,0,18.019216555801922,0.0,17.868440502586843,0.0
tornado,1100,m,fpar_tq12,fpar,oblivious,-target_q_delay 12,0.25,500000,5,1.68,275,142.51121272727272,140.276,297.039,305.007,51.9834,33825,6222,0,0,28947,6182,0,0,18.394678492239468,0.0,18.276422764227643,0.0
tornado,1100,m,fpar_tq24,fpar,oblivious,-target_q_delay 24,0.25,500000,5,1.64,275,142.84171745454537,141.654,290.456,307.508,51.9834,33825,6295,0,0,28959,6253,0,0,18.61049519586105,0.0,18.48632668144863,0.0
tornado,1100,m,reps_dfp_best,reps_dfp,reps,-reps_partition_entropy,0.25,500000,5,0.61,275,139.1506294545454,134.175,277.974,318.846,51.9834,33825,6260,0,0,29653,6260,0,0,18.507021433850703,0.0,18.507021433850703,0.0
tornado,1100,m,fpar_tq1,fpar,oblivious,-target_q_delay 1,0.25,2000000,1,4.22,275,587.2536727272726,534.986,1176.52,1259.65,173.862,134750,5328,36,0,66807,5200,0,0,3.9539888682745827,0.02671614100185529,3.8589981447124306,0.0
tornado,1100,m,fpar_tq3,fpar,oblivious,-target_q_delay 3,0.25,2000000,1,6.74,275,562.4408363636364,508.474,1166.94,1171.92,173.862,134750,5800,68,0,73992,5581,0,0,4.304267161410019,0.05046382189239332,4.141743970315399,0.0
tornado,1100,m,fpar_tq6,fpar,oblivious,-target_q_delay 6,0.25,2000000,1,10.91,275,537.8810436363641,493.404,1152.47,1178.9,173.862,134750,6183,116,0,101889,5804,0,0,4.588497217068646,0.08608534322820037,4.307235621521336,0.0
tornado,1100,m,fpar_tq12,fpar,oblivious,-target_q_delay 12,0.25,2000000,1,15.47,275,533.001829090909,492.8,1151.29,1154.34,173.862,134750,6486,114,0,118254,5966,0,0,4.813358070500928,0.08460111317254175,4.427458256029684,0.0
tornado,1100,m,fpar_tq24,fpar,oblivious,-target_q_delay 24,0.25,2000000,1,15.15,275,514.57228,468.284,1133.92,1160.61,174.526,134750,7447,112,0,117947,6881,0,0,5.526530612244898,0.08311688311688312,5.106493506493506,0.0
tornado,1100,m,reps_dfp_best,reps_dfp,reps,-reps_partition_entropy,0.25,2000000,1,1.8,275,519.9722909090913,498.424,1242.72,1328.87,173.862,134750,6333,0,0,116563,6333,0,0,4.699814471243043,0.0,4.699814471243043,0.0
tornado,1100,m,fpar_tq1,fpar,oblivious,-target_q_delay 1,0.25,2000000,2,2.0,275,578.8017490909091,541.221,1180.43,1189.46,173.862,134750,5488,15,0,66799,5457,0,0,4.072727272727272,0.011131725417439703,4.049721706864564,0.0
tornado,1100,m,fpar_tq3,fpar,oblivious,-target_q_delay 3,0.25,2000000,2,2.99,275,556.713196363636,524.418,1152.9,1163.53,173.862,134750,5997,19,0,73023,5939,0,0,4.450463821892393,0.014100185528756958,4.407421150278293,0.0
tornado,1100,m,fpar_tq6,fpar,oblivious,-target_q_delay 6,0.25,2000000,2,4.99,275,533.9475454545451,507.036,1055.07,1168.77,173.862,134750,6369,52,0,102091,6243,0,0,4.726530612244898,0.038589981447124305,4.633024118738405,0.0
tornado,1100,m,fpar_tq12,fpar,oblivious,-target_q_delay 12,0.25,2000000,2,7.01,275,534.4013272727269,499.254,1134.07,1151.89,173.862,134750,6555,42,0,121212,6364,0,0,4.8645640074211505,0.03116883116883117,4.722820037105752,0.0
tornado,1100,m,fpar_tq24,fpar,oblivious,-target_q_delay 24,0.25,2000000,2,6.44,275,515.4101381818183,499.305,1039.68,1150.55,173.862,134750,7522,39,0,120840,7338,0,0,5.582189239332097,0.02894248608534323,5.445640074211503,0.0
tornado,1100,m,reps_dfp_best,reps_dfp,reps,-reps_partition_entropy,0.25,2000000,2,1.62,275,547.5779418181819,499.259,1138.95,1200.56,173.862,134750,6526,0,0,117103,6526,0,0,4.8430426716141,0.0,4.8430426716141,0.0
tornado,1100,m,fpar_tq1,fpar,oblivious,-target_q_delay 1,0.25,2000000,3,2.9,275,573.9994909090908,539.46,1084.69,1205.83,173.862,134750,5499,33,0,67069,5413,0,0,4.080890538033395,0.024489795918367346,4.017068645640074,0.0
tornado,1100,m,fpar_tq3,fpar,oblivious,-target_q_delay 3,0.25,2000000,3,4.3,275,542.3495890909088,517.924,1136.6,1164.11,173.862,134750,5894,58,0,73918,5739,0,0,4.374025974025974,0.043042671614100185,4.2589981447124305,0.0
tornado,1100,m,fpar_tq6,fpar,oblivious,-target_q_delay 6,0.25,2000000,3,8.73,275,514.5769236363639,491.226,1090.98,1178.52,173.862,134750,6256,109,0,103817,5951,0,0,4.642671614100186,0.08089053803339517,4.416326530612245,0.0
tornado,1100,m,fpar_tq12,fpar,oblivious,-target_q_delay 12,0.25,2000000,3,10.38,275,516.2027418181821,496.754,1139.72,1155.38,173.862,134750,6441,68,0,123756,6080,0,0,4.779962894248609,0.05046382189239332,4.512059369202226,0.0
tornado,1100,m,fpar_tq24,fpar,oblivious,-target_q_delay 24,0.25,2000000,3,10.61,275,498.545858181818,492.831,1022.15,1152.75,173.862,134750,7406,67,0,122380,7022,0,0,5.496103896103896,0.04972170686456401,5.21113172541744,0.0
tornado,1100,m,reps_dfp_best,reps_dfp,reps,-reps_partition_entropy,0.25,2000000,3,1.54,275,526.7212581818184,499.233,1267.3,1316.63,173.862,134750,6162,0,0,117593,6162,0,0,4.57291280148423,0.0,4.57291280148423,0.0
tornado,1100,m,fpar_tq1,fpar,oblivious,-target_q_delay 1,0.25,2000000,4,2.94,275,562.3527199999999,532.832,1195.07,1199.39,173.862,134750,5230,29,0,66078,5161,0,0,3.88126159554731,0.021521335807050092,3.8300556586270873,0.0
tornado,1100,m,fpar_tq3,fpar,oblivious,-target_q_delay 3,0.25,2000000,4,4.59,275,536.0698945454543,505.619,1157.37,1174.58,173.862,134750,5661,57,0,72602,5502,0,0,4.201113172541744,0.042300556586270875,4.083116883116883,0.0
tornado,1100,m,fpar_tq6,fpar,oblivious,-target_q_delay 6,0.25,2000000,4,9.29,275,515.1256690909091,491.678,1151.68,1187.85,173.862,134750,5995,97,0,102067,5688,0,0,4.448979591836735,0.07198515769944341,4.221150278293136,0.0
tornado,1100,m,fpar_tq12,fpar,oblivious,-target_q_delay 12,0.25,2000000,4,13.79,275,516.2080618181817,494.767,1147.19,1184.84,173.862,134750,6272,86,0,120308,5818,0,0,4.654545454545454,0.06382189239332096,4.317625231910946,0.0
tornado,1100,m,fpar_tq24,fpar,oblivious,-target_q_delay 24,0.25,2000000,4,13.9,275,497.7527018181819,478.56,1141.22,1161.45,173.862,134750,7202,83,0,119780,6753,0,0,5.344712430426716,0.06159554730983302,5.0115027829313545,0.0
tornado,1100,m,reps_dfp_best,reps_dfp,reps,-reps_partition_entropy,0.25,2000000,4,1.74,275,591.8524872727273,532.011,1165.97,1226.8,173.862,134750,6923,0,0,116143,6923,0,0,5.137662337662338,0.0,5.137662337662338,0.0
tornado,1100,m,fpar_tq1,fpar,oblivious,-target_q_delay 1,0.25,2000000,5,2.37,275,582.4534618181818,561.824,1184.16,1214.91,173.862,134750,5447,17,0,66632,5402,0,0,4.042300556586271,0.01261595547309833,4.008905380333951,0.0
tornado,1100,m,fpar_tq3,fpar,oblivious,-target_q_delay 3,0.25,2000000,5,2.84,275,557.0753745454545,537.39,1173.58,1204.24,173.862,134750,5898,30,0,72906,5823,0,0,4.376994434137291,0.022263450834879406,4.321335807050093,0.0
tornado,1100,m,fpar_tq6,fpar,oblivious,-target_q_delay 6,0.25,2000000,5,5.74,275,534.3202436363638,514.898,1129.57,1186.68,174.194,134750,6189,39,0,100542,6043,0,0,4.592949907235622,0.02894248608534323,4.484601113172542,0.0
tornado,1100,m,fpar_tq12,fpar,oblivious,-target_q_delay 12,0.25,2000000,5,7.35,275,537.5933781818186,502.982,1134.55,1166.2,173.862,134750,6387,37,0,119058,6159,0,0,4.739888682745826,0.027458256029684602,4.570686456400742,0.0
tornado,1100,m,fpar_tq24,fpar,oblivious,-target_q_delay 24,0.25,2000000,5,6.95,275,513.9462727272727,499.32,1150.07,1157.27,173.862,134750,7297,25,0,118072,7096,0,0,5.415213358070501,0.01855287569573284,5.2660482374768085,0.0
tornado,1100,m,reps_dfp_best,reps_dfp,reps,-reps_partition_entropy,0.25,2000000,5,1.69,275,515.6616654545456,496.1,1083.58,1154.32,173.862,134750,6247,0,0,115271,6247,0,0,4.635992578849722,0.0,4.635992578849722,0.0
tornado,1100,m,fpar_tq1,fpar,oblivious,-target_q_delay 1,0.25,10000000,1,9.12,275,2966.9860072727247,2609.11,5893.0,5918.91,823.887,673200,5355,63,0,307391,5200,0,0,0.7954545454545454,0.009358288770053475,0.7724301841948901,0.0
tornado,1100,m,fpar_tq3,fpar,oblivious,-target_q_delay 3,0.25,10000000,1,12.14,275,2851.035974545454,2485.68,5733.27,5753.79,823.887,673200,5805,80,0,373059,5581,0,0,0.8622994652406417,0.011883541295306001,0.8290255496137849,0.0
tornado,1100,m,fpar_tq6,fpar,oblivious,-target_q_delay 6,0.25,10000000,1,18.78,275,2767.098330909091,2459.1,5676.48,5715.22,823.887,673200,6272,187,0,553293,5804,0,0,0.9316696375519905,0.027777777777777776,0.8621509209744503,0.0
tornado,1100,m,fpar_tq12,fpar,oblivious,-target_q_delay 12,0.25,10000000,1,35.96,275,2532.8603490909095,2381.8,5662.54,5704.75,824.219,673200,8032,682,0,594371,5966,0,0,1.1931075460487226,0.10130718954248366,0.8862150920974451,0.0
tornado,1100,m,fpar_tq24,fpar,oblivious,-target_q_delay 24,0.25,10000000,1,46.19,275,2471.6286399999985,2275.44,5696.87,5708.7,825.879,673200,13920,733,0,591669,11476,0,0,2.0677361853832443,0.10888294711824123,1.7046939988116458,0.0
tornado,1100,m,reps_dfp_best,reps_dfp,reps,-reps_partition_entropy,0.25,10000000,1,7.57,275,2539.5610363636356,2449.33,6303.88,6529.24,823.887,673200,6333,0,0,605084,6333,0,0,0.9407308377896613,0.0,0.9407308377896613,0.0
tornado,1100,m,fpar_tq1,fpar,oblivious,-target_q_delay 1,0.25,10000000,2,6.43,275,2876.6346618181838,2605.69,5792.52,5903.2,823.887,673200,5503,30,0,301656,5457,0,0,0.8174390968508616,0.004456327985739751,0.8106060606060606,0.0
tornado,1100,m,fpar_tq3,fpar,oblivious,-target_q_delay 3,0.25,10000000,2,7.83,275,2759.963567272727,2474.73,5672.28,5795.44,823.887,673200,5999,21,0,369657,5939,0,0,0.8911170528817588,0.0031194295900178253,0.8822043969102793,0.0
tornado,1100,m,fpar_tq6,fpar,oblivious,-target_q_delay 6,0.25,10000000,2,11.3,275,2697.598738181818,2456.34,5618.22,5726.77,823.887,673200,6376,55,0,556190,6243,0,0,0.9471182412358883,0.008169934640522876,0.9273618538324421,0.0
tornado,1100,m,fpar_tq12,fpar,oblivious,-target_q_delay 12,0.25,10000000,2,25.7,275,2526.8229163636342,2438.58,5401.78,5714.91,823.887,673200,7239,327,0,606181,6364,0,0,1.0753119429590017,0.04857397504456328,0.9453357100415924,0.0
tornado,1100,m,fpar_tq24,fpar,oblivious,-target_q_delay 24,0.25,10000000,2,26.84,275,2492.5001345454534,2449.6,4921.26,5702.78,823.887,673200,13114,325,0,603278,12155,0,0,1.9480095068330363,0.04827688651218063,1.8055555555555556,0.0
tornado,1100,m,reps_dfp_best,reps_dfp,reps,-reps_partition_entropy,0.25,10000000,2,7.86,275,2713.9644836363655,2452.72,5649.32,5727.93,823.887,673200,6526,0,0,607079,6526,0,0,0.9693998811645871,0.0,0.9693998811645871,0.0
tornado,1100,m,fpar_tq1,fpar,oblivious,-target_q_delay 1,0.25,10000000,3,9.0,275,2900.2601999999974,2603.34,5792.95,5920.03,823.887,673200,5540,67,0,302055,5413,0,0,0.8229352346999406,0.009952465834818775,0.8040701128936423,0.0
tornado,1100,m,fpar_tq3,fpar,oblivious,-target_q_delay 3,0.25,10000000,3,11.57,275,2764.4853636363628,2473.86,5654.53,5731.48,823.887,673200,5940,101,0,375167,5739,0,0,0.8823529411764706,0.015002970885323827,0.8524955436720143,0.0
tornado,1100,m,fpar_tq6,fpar,oblivious,-target_q_delay 6,0.25,10000000,3,16.93,275,2679.6339200000007,2460.4,5419.04,5730.12,823.887,673200,6340,176,0,565250,5951,0,0,0.9417706476530006,0.026143790849673203,0.8839869281045751,0.0
tornado,1100,m,fpar_tq12,fpar,oblivious,-target_q_delay 12,0.25,10000000,3,31.77,275,2422.5382581818194,2363.95,5189.31,5708.15,823.887,673200,7789,560,0,610370,6089,0,0,1.1570112893642306,0.08318478906714201,0.904486036838978,0.0
tornado,1100,m,fpar_tq24,fpar,oblivious,-target_q_delay 24,0.25,10000000,3,35.94,275,2413.4486545454547,2397.44,5115.03,5702.26,823.887,673200,13825,590,0,615359,11826,0,0,2.0536244800950683,0.08764111705288176,1.7566844919786095,0.0
tornado,1100,m,reps_dfp_best,reps_dfp,reps,-reps_partition_entropy,0.25,10000000,3,7.67,275,2599.0645963636357,2449.31,6447.97,6517.35,823.887,673200,6162,0,0,611887,6162,0,0,0.9153297682709447,0.0,0.9153297682709447,0.0
tornado,1100,m,fpar_tq1,fpar,oblivious,-target_q_delay 1,0.25,10000000,4,16.9,275,2805.9282145454554,2598.01,5921.01,5942.82,823.887,673200,5258,56,0,297220,5161,0,0,0.7810457516339869,0.008318478906714201,0.7666369578134284,0.0
tornado,1100,m,fpar_tq3,fpar,oblivious,-target_q_delay 3,0.25,10000000,4,13.84,275,2678.501098181817,2472.58,5710.23,5766.88,823.887,673200,5668,63,0,365682,5502,0,0,0.8419489007724302,0.009358288770053475,0.8172905525846702,0.0
tornado,1100,m,fpar_tq6,fpar,oblivious,-target_q_delay 6,0.25,10000000,4,17.96,275,2625.950003636365,2455.17,5684.43,5732.12,823.887,673200,6022,127,0,556754,5688,0,0,0.8945335710041592,0.018865121806298277,0.8449197860962567,0.0
tornado,1100,m,fpar_tq12,fpar,oblivious,-target_q_delay 12,0.25,10000000,4,36.46,275,2426.8662909090895,2347.14,5680.52,5710.07,823.887,673200,7681,622,0,601609,5818,0,0,1.1409685086155674,0.09239453357100416,0.8642305407011289,0.0
tornado,1100,m,fpar_tq24,fpar,oblivious,-target_q_delay 24,0.25,10000000,4,38.07,275,2404.534156363636,2345.98,5668.75,5706.67,823.887,673200,13724,646,0,601331,11487,0,0,2.0386215092097446,0.09595959595959595,1.7063279857397504,0.0
tornado,1100,m,reps_dfp_best,reps_dfp,reps,-reps_partition_entropy,0.25,10000000,4,8.91,275,2944.444072727272,2695.34,5724.64,5730.23,823.887,673200,6923,0,0,603424,6923,0,0,1.0283719548425432,0.0,1.0283719548425432,0.0
tornado,1100,m,fpar_tq1,fpar,oblivious,-target_q_delay 1,0.25,10000000,5,8.28,275,2894.191465454546,3019.11,5909.83,5970.36,823.887,673200,5469,37,0,302268,5404,0,0,0.8123885918003565,0.005496137849079026,0.8027332144979203,0.0
tornado,1100,m,fpar_tq3,fpar,oblivious,-target_q_delay 3,0.25,10000000,5,9.38,275,2778.5488800000026,2864.86,5722.5,5770.26,823.887,673200,5896,30,0,367525,5823,0,0,0.8758169934640523,0.004456327985739751,0.8649732620320856,0.0
tornado,1100,m,fpar_tq6,fpar,oblivious,-target_q_delay 6,0.25,10000000,5,12.17,275,2718.0054400000004,2478.2,5690.33,5722.86,824.219,673200,6205,64,0,547898,6043,0,0,0.9217171717171717,0.009506833036244802,0.8976530005941771,0.0
tornado,1100,m,fpar_tq12,fpar,oblivious,-target_q_delay 12,0.25,10000000,5,20.93,275,2546.5044981818182,2454.84,5613.37,5736.55,825.215,673200,7217,314,0,595704,6159,0,0,1.0720439691027925,0.04664289958407605,0.9148841354723708,0.0
tornado,1100,m,fpar_tq24,fpar,oblivious,-target_q_delay 24,0.25,10000000,5,22.53,275,2485.1659527272714,2449.66,5631.11,5703.35,823.887,673200,12910,319,0,594845,11716,0,0,1.917706476530006,0.04738562091503268,1.7403446226975638,0.0
tornado,1100,m,reps_dfp_best,reps_dfp,reps,-reps_partition_entropy,0.25,10000000,5,6.78,275,2553.6616290909096,2443.57,5406.73,5715.81,823.887,673200,6247,0,0,600978,6247,0,0,0.9279560308972074,0.0,0.9279560308972074,0.0
tornado,1100,m,fpar_tq1,fpar,oblivious,-target_q_delay 1,0.5,500000,1,6.8,550,241.77348909090904,231.366,484.309,560.111,52.9794,67650,15268,20,0,49427,15035,0,0,22.56910569105691,0.029563932002956393,22.22468588322247,0.0
tornado,1100,m,fpar_tq3,fpar,oblivious,-target_q_delay 3,0.5,500000,1,7.2,550,237.2632276363636,225.96,457.095,490.698,53.6434,67650,16644,12,0,51305,16404,0,0,24.60310421286031,0.017738359201773836,24.248337028824835,0.0
tornado,1100,m,fpar_tq6,fpar,oblivious,-target_q_delay 6,0.5,500000,1,7.08,550,224.1605989090908,211.837,453.154,473.703,52.6474,67650,17433,5,0,56246,17211,0,0,25.76940133037694,0.007390983000739098,25.441241685144124,0.0
tornado,1100,m,fpar_tq12,fpar,oblivious,-target_q_delay 12,0.5,500000,1,6.83,550,217.84944727272716,201.872,453.214,469.056,52.7136,67650,17793,3,0,61101,17565,0,0,26.301552106430155,0.004434589800443459,25.964523281596453,0.0
tornado,1100,m,fpar_tq24,fpar,oblivious,-target_q_delay 24,0.5,500000,1,7.38,550,218.36352618181834,205.963,445.721,472.538,53.3114,67650,18275,0,0,61566,18041,0,0,27.014042867701406,0.0,26.668144863266814,0.0
tornado,1100,m,reps_dfp_best,reps_dfp,reps,-reps_partition_entropy,0.5,500000,1,1.3,550,223.0419129090908,214.151,426.192,462.857,51.9834,67650,19444,0,0,61829,19444,0,0,28.742054693274206,0.0,28.742054693274206,0.0
tornado,1100,m,fpar_tq1,fpar,oblivious,-target_q_delay 1,0.5,500000,2,10.04,550,242.5126854545456,237.375,503.178,694.404,52.4866,67650,15698,10,0,49403,15435,0,0,23.20473022912047,0.014781966001478197,22.815964523281597,0.0
tornado,1100,m,fpar_tq3,fpar,oblivious,-target_q_delay 3,0.5,500000,2,15.54,550,259.600910181818,233.613,494.652,11439.9,52.311,67650,17248,43,0,51511,16891,0,0,25.495934959349594,0.06356245380635625,24.968218773096822,0.0
tornado,1100,m,fpar_tq6,fpar,oblivious,-target_q_delay 6,0.5,500000,2,11.39,550,225.44600636363614,213.889,489.864,535.449,52.6328,67650,17901,7,0,56256,17636,0,0,26.46119733924612,0.010347376201034738,26.06947524020695,0.0
tornado,1100,m,fpar_tq12,fpar,oblivious,-target_q_delay 12,0.5,500000,2,12.49,550,220.53765018181798,203.955,488.049,949.328,52.3418,67650,18292,7,0,61138,18007,0,0,27.039172209903917,0.010347376201034738,26.617886178861788,0.0
tornado,1100,m,fpar_tq24,fpar,oblivious,-target_q_delay 24,0.5,500000,2,13.16,550,221.34908618181834,211.848,485.567,781.441,52.5224,67650,18758,1,0,62177,18480,0,0,27.7280118255728,0.0014781966001478197,27.317073170731707,0.0
tornado,1100,m,reps_dfp_best,reps_dfp,reps,-reps_partition_entropy,0.5,500000,2,1.34,550,232.7119890909091,222.24,432.238,488.372,52.2496,67650,19536,0,0,61965,19536,0,0,28.878048780487806,0.0,28.878048780487806,0.0
tornado,1100,m,fpar_tq1,fpar,oblivious,-target_q_delay 1,0.5,500000,3,15.96,550,252.8381692727271,242.107,486.722,1169.22,52.1714,67650,15963,25,0,49419,15583,0,0,23.596452328159646,0.03695491500369549,23.034737620103474,0.0
tornado,1100,m,fpar_tq3,fpar,oblivious,-target_q_delay 3,0.5,500000,3,15.19,550,246.88329854545475,240.548,469.983,793.561,51.9834,67650,17258,19,0,51406,16875,0,0,25.510716925351073,0.028085735402808575,24.944567627494457,0.0
tornado,1100,m,fpar_tq6,fpar,oblivious,-target_q_delay 6,0.5,500000,3,15.46,550,233.1086936363636,218.951,472.324,801.142,51.9834,67650,17890,7,0,55689,17541,0,0,26.444937176644494,0.010347376201034738,25.929046563192905,0.0
tornado,1100,m,fpar_tq12,fpar,oblivious,-target_q_delay 12,0.5,500000,3,14.2,550,227.24802890909095,209.473,477.808,1063.15,51.9834,67650,18259,7,0,60372,17911,0,0,26.99039172209904,0.010347376201034738,26.4759793052476,0.0
tornado,1100,m,fpar_tq24,fpar,oblivious,-target_q_delay 24,0.5,500000,3,16.06,550,228.6250129090909,217.643,467.09,1083.63,51.9834,67650,18804,7,0,61252,18428,0,0,27.7960088691796,0.010347376201034738,27.24020694752402,0.0
tornado,1100,m,reps_dfp_best,reps_dfp,reps,-reps_partition_entropy,0.5,500000,3,1.43,550,221.27798599999988,206.278,453.868,471.55,52.2035,67650,19457,0,0,62228,19457,0,0,28.761271249076128,0.0,28.761271249076128,0.0
tornado,1100,m,fpar_tq1,fpar,oblivious,-target_q_delay 1,0.5,500000,4,9.31,550,230.66252890909095,229.719,389.09,454.985,53.593,67650,15713,19,0,48742,15458,0,0,23.22690317812269,0.028085735402808575,22.849963045084998,0.0
tornado,1100,m,fpar_tq3,fpar,oblivious,-target_q_delay 3,0.5,500000,4,9.67,550,228.7012278181818,223.854,386.494,840.582,54.001,67650,16903,9,0,50713,16661,0,0,24.985957132298594,0.013303769401330377,24.628233555062824,0.0
tornado,1100,m,fpar_tq6,fpar,oblivious,-target_q_delay 6,0.5,500000,4,10.33,550,215.93997381818184,203.346,380.31,462.915,54.1678,67650,17533,7,0,55552,17299,0,0,25.917220990391723,0.010347376201034738,25.57132298595713,0.0
tornado,1100,m,fpar_tq12,fpar,oblivious,-target_q_delay 12,0.5,500000,4,10.44,550,209.25265000000005,200.454,374.742,391.458,53.4723,67650,17964,8,0,60585,17721,0,0,26.554323725055433,0.011825572801182557,26.195121951219512,0.0
tornado,1100,m,fpar_tq24,fpar,oblivious,-target_q_delay 24,0.5,500000,4,11.15,550,211.58826963636363,208.129,377.253,393.018,53.7765,67650,18334,4,0,61389,18096,0,0,27.101256467110126,0.005912786400591279,26.749445676274945,0.0
tornado,1100,m,reps_dfp_best,reps_dfp,reps,-reps_partition_entropy,0.5,500000,4,1.32,550,235.097056,214.547,510.915,593.77,51.9834,67650,19622,0,0,61960,19622,0,0,29.005173688100516,0.0,29.005173688100516,0.0
tornado,1100,m,fpar_tq1,fpar,oblivious,-target_q_delay 1,0.5,500000,5,9.69,550,250.25178381818182,240.25,466.792,919.288,52.7344,67650,15931,15,0,50067,15670,0,0,23.549150036954916,0.022172949002217297,23.163340724316335,0.0
tornado,1100,m,fpar_tq3,fpar,oblivious,-target_q_delay 3,0.5,500000,5,12.87,550,269.9356419999998,240.072,468.751,12771.0,52.4493,67650,17445,33,0,52006,17087,0,0,25.787139689578716,0.04878048780487805,25.257945306725794,0.0
tornado,1100,m,fpar_tq6,fpar,oblivious,-target_q_delay 6,0.5,500000,5,9.52,550,233.1962980000001,218.194,463.139,522.255,52.7498,67650,18119,6,0,56460,17861,0,0,26.783444198078346,0.008869179600886918,26.402069475240207,0.0
tornado,1100,m,fpar_tq12,fpar,oblivious,-target_q_delay 12,0.5,500000,5,10.14,550,228.362786727273,210.328,458.899,855.933,52.725,67650,18500,4,0,61987,18246,0,0,27.346637102734665,0.005912786400591279,26.97117516629712,0.0
tornado,1100,m,fpar_tq24,fpar,oblivious,-target_q_delay 24,0.5,500000,5,10.76,550,227.95721090909095,215.012,451.375,777.532,52.7301,67650,18955,5,0,62156,18700,0,0,28.019216555801922,0.007390983000739098,27.642276422764226,0.0
tornado,1100,m,reps_dfp_best,reps_dfp,reps,-reps_partition_entropy,0.5,500000,5,1.38,550,225.78840981818206,214.297,426.403,441.137,52.3162,67650,19493,0,0,62033,19493,0,0,28.81448632668145,0.0,28.81448632668145,0.0
tornado,1100,m,fpar_tq1,fpar,oblivious,-target_q_delay 1,0.5,2000000,1,10.96,550,940.3480599999998,869.723,1822.13,1859.84,174.864,269500,15404,118,0,163144,15071,0,0,5.715769944341373,0.0437847866419295,5.592207792207792,0.0
tornado,1100,m,fpar_tq3,fpar,oblivious,-target_q_delay 3,0.5,2000000,1,16.59,550,902.9398872727273,843.713,1811.9,1848.58,177.514,269500,17015,180,0,180059,16500,0,0,6.313543599257885,0.06679035250463822,6.122448979591836,0.0
tornado,1100,m,fpar_tq6,fpar,oblivious,-target_q_delay 6,0.5,2000000,1,26.79,550,851.713878181818,799.566,1786.31,1839.96,175.854,269500,18042,233,0,225345,17221,0,0,6.694619666048237,0.08645640074211502,6.389981447124304,0.0
tornado,1100,m,fpar_tq12,fpar,oblivious,-target_q_delay 12,0.5,2000000,1,38.76,550,840.9536800000001,798.078,1757.16,1857.18,176.518,269500,18732,242,0,251433,17599,0,0,6.950649350649351,0.08979591836734693,6.5302411873840445,0.0
tornado,1100,m,fpar_tq24,fpar,oblivious,-target_q_delay 24,0.5,2000000,1,36.82,550,807.3705127272725,769.82,1736.18,1804.28,177.846,269500,21806,203,0,251223,20626,0,0,8.091280148423005,0.07532467532467532,7.653432282003711,0.0
tornado,1100,m,reps_dfp_best,reps_dfp,reps,-reps_partition_entropy,0.5,2000000,1,3.99,550,869.4830672727273,829.007,1688.76,1816.4,173.862,269500,19436,0,0,249333,19436,0,0,7.211873840445269,0.0,7.211873840445269,0.0
tornado,1100,m,fpar_tq1,fpar,oblivious,-target_q_delay 1,0.5,2000000,2,18.26,550,936.8828945454537,901.016,1955.49,2357.54,174.472,269500,15770,117,0,162313,15438,0,0,5.851576994434137,0.04341372912801484,5.728385899814471,0.0
tornado,1100,m,fpar_tq3,fpar,oblivious,-target_q_delay 3,0.5,2000000,2,28.02,550,914.8041763636361,892.851,1915.87,2012.47,174.497,269500,17477,157,0,181714,16967,0,0,6.484972170686456,0.05825602968460111,6.295732838589982,0.0
tornado,1100,m,fpar_tq6,fpar,oblivious,-target_q_delay 6,0.5,2000000,2,38.43,550,861.4196381818178,827.533,1899.22,4719.41,174.932,269500,18482,268,0,227895,17633,0,0,6.8578849721706865,0.09944341372912802,6.542857142857143,0.0
tornado,1100,m,fpar_tq12,fpar,oblivious,-target_q_delay 12,0.5,2000000,2,46.6,550,847.3547636363635,826.415,1872.14,1989.49,175.247,269500,19114,235,0,252816,18017,0,0,7.092393320964749,0.08719851576994433,6.685343228200371,0.0
tornado,1100,m,fpar_tq24,fpar,oblivious,-target_q_delay 24,0.5,2000000,2,55.66,550,816.3991563636359,799.522,1806.22,1970.28,177.264,269500,22209,209,0,253414,21091,0,0,8.240816326530613,0.07755102040816327,7.825974025974026,0.0
tornado,1100,m,reps_dfp_best,reps_dfp,reps,-reps_partition_entropy,0.5,2000000,2,3.77,550,914.3744690909086,889.689,1666.3,1853.61,174.374,269500,19530,0,0,250195,19530,0,0,7.246753246753247,0.0,7.246753246753247,0.0
tornado,1100,m,fpar_tq1,fpar,oblivious,-target_q_delay 1,0.5,2000000,3,26.12,550,979.5995254545455,953.122,1853.21,2155.93,173.862,269500,16118,148,0,164701,15630,0,0,5.980705009276438,0.054916512059369205,5.799628942486085,0.0
tornado,1100,m,fpar_tq3,fpar,oblivious,-target_q_delay 3,0.5,2000000,3,48.09,550,1046.8966818181816,952.763,1876.54,49364.7,173.862,269500,18118,489,0,183611,16953,0,0,6.722820037105752,0.18144712430426715,6.290538033395176,0.0
tornado,1100,m,fpar_tq6,fpar,oblivious,-target_q_delay 6,0.5,2000000,3,53.54,550,893.2651054545463,861.772,1795.88,2596.46,174.496,269500,18700,324,0,228083,17546,0,0,6.938775510204081,0.12022263450834879,6.510575139146567,0.0
tornado,1100,m,fpar_tq12,fpar,oblivious,-target_q_delay 12,0.5,2000000,3,50.48,550,884.333429090909,832.53,1800.83,2149.4,174.108,269500,19167,264,0,249877,17914,0,0,7.1120593692022265,0.09795918367346938,6.6471243042671615,0.0
tornado,1100,m,fpar_tq24,fpar,oblivious,-target_q_delay 24,0.5,2000000,3,52.82,550,845.3333672727271,818.152,1797.63,2287.07,174.036,269500,22247,227,0,250967,20971,0,0,8.254916512059369,0.08423005565862708,7.781447124304267,0.0
tornado,1100,m,reps_dfp_best,reps_dfp,reps,-reps_partition_entropy,0.5,2000000,3,3.8,550,866.5568727272732,807.641,1667.33,1803.31,174.354,269500,19449,0,0,251040,19449,0,0,7.216697588126159,0.0,7.216697588126159,0.0
tornado,1100,m,fpar_tq1,fpar,oblivious,-target_q_delay 1,0.5,2000000,4,15.22,550,903.5800763636367,878.406,1524.33,1576.55,177.025,269500,15823,142,0,161991,15479,0,0,5.8712430426716145,0.05269016697588126,5.743599257884973,0.0
tornado,1100,m,fpar_tq3,fpar,oblivious,-target_q_delay 3,0.5,2000000,4,23.09,550,875.6562800000004,866.746,1490.95,1796.14,179.343,269500,17236,190,0,178531,16677,0,0,6.395547309833024,0.07050092764378478,6.188126159554731,0.0
tornado,1100,m,fpar_tq6,fpar,oblivious,-target_q_delay 6,0.5,2000000,4,37.7,550,819.6040181818174,811.754,1456.84,1532.27,178.214,269500,18237,238,0,226086,17337,0,0,6.766975881261596,0.08831168831168831,6.4330241187384045,0.0
tornado,1100,m,fpar_tq12,fpar,oblivious,-target_q_delay 12,0.5,2000000,4,43.11,550,809.2443890909085,805.599,1476.42,1493.66,180.619,269500,18901,230,0,251031,17786,0,0,7.013358070500928,0.08534322820037106,6.599628942486086,0.0
tornado,1100,m,fpar_tq24,fpar,oblivious,-target_q_delay 24,0.5,2000000,4,46.05,550,779.5201145454553,780.781,1470.45,1476.74,179.417,269500,21783,207,0,250762,20678,0,0,8.082745825602968,0.07680890538033396,7.672727272727273,0.0
tornado,1100,m,reps_dfp_best,reps_dfp,reps,-reps_partition_entropy,0.5,2000000,4,4.29,550,937.7146472727273,900.434,1997.97,2169.65,173.862,269500,19617,0,0,251912,19617,0,0,7.279035250463822,0.0,7.279035250463822,0.0
tornado,1100,m,fpar_tq1,fpar,oblivious,-target_q_delay 1,0.5,2000000,5,15.52,550,962.431130909091,929.517,1834.4,1902.97,175.072,269500,15977,111,0,163675,15674,0,0,5.928385899814471,0.041187384044526903,5.81595547309833,0.0
tornado,1100,m,fpar_tq3,fpar,oblivious,-target_q_delay 3,0.5,2000000,5,35.34,550,1026.566963636364,930.983,1807.6,48578.0,175.771,269500,18084,383,0,183278,17176,0,0,6.710204081632653,0.14211502782931354,6.373283858998144,0.0
tornado,1100,m,fpar_tq6,fpar,oblivious,-target_q_delay 6,0.5,2000000,5,32.04,550,895.7690854545455,855.642,1786.8,3302.28,177.808,269500,18654,239,0,228949,17860,0,0,6.921706864564007,0.08868274582560297,6.6270871985157696,0.0
tornado,1100,m,fpar_tq12,fpar,oblivious,-target_q_delay 12,0.5,2000000,5,37.12,550,883.9561018181824,854.302,1759.7,2019.83,176.627,269500,19241,203,0,253373,18252,0,0,7.139517625231911,0.07532467532467532,6.772541743970315,0.0
tornado,1100,m,fpar_tq24,fpar,oblivious,-target_q_delay 24,0.5,2000000,5,39.09,550,842.4749945454548,811.492,1743.3,1811.39,175.421,269500,22364,198,0,254047,21327,0,0,8.298330241187385,0.07346938775510205,7.913543599257885,0.0
tornado,1100,m,reps_dfp_best,reps_dfp,reps,-reps_partition_entropy,0.5,2000000,5,3.58,550,876.0384254545454,840.007,1622.08,1679.06,174.694,269500,19485,0,0,251046,19485,0,0,7.230055658627087,0.0,7.230055658627087,0.0
tornado,1100,m,fpar_tq1,fpar,oblivious,-target_q_delay 1,0.5,10000000,1,26.07,550,4861.318292727272,4702.28,9100.99,9179.05,824.888,1346400,15970,511,0,785277,15195,0,0,1.1861259655377303,0.03795306001188354,1.1285650623885919,0.0
tornado,1100,m,fpar_tq3,fpar,oblivious,-target_q_delay 3,0.5,10000000,1,38.33,550,4739.139510909089,4570.7,8941.73,9082.3,827.539,1346400,17660,547,0,924632,16727,0,0,1.3116458704693998,0.040626856803327394,1.2423499702911467,0.0
tornado,1100,m,fpar_tq6,fpar,oblivious,-target_q_delay 6,0.5,10000000,1,53.34,550,4510.086276363637,4087.43,8896.54,8993.55,829.531,1346400,19051,849,0,1207091,17224,0,0,1.4149584076054664,0.06305704099821748,1.279263220439691,0.0
tornado,1100,m,fpar_tq12,fpar,oblivious,-target_q_delay 12,0.5,10000000,1,105.84,550,3971.7756181818186,3868.49,8719.45,8968.84,835.175,1346400,22680,1699,0,1258555,17660,0,0,1.6844919786096257,0.1261883541295306,1.3116458704693998,0.0
tornado,1100,m,fpar_tq24,fpar,oblivious,-target_q_delay 24,0.5,10000000,1,148.98,550,3959.1068709090896,3872.04,8840.15,8962.39,842.822,1346400,40759,1733,0,1268770,35167,0,0,3.027257872846108,0.12871360665478312,2.6119281045751634,0.0
tornado,1100,m,reps_dfp_best,reps_dfp,reps,-reps_partition_entropy,0.5,10000000,1,16.26,550,4379.316949090907,4112.05,8713.69,8968.59,823.887,1346400,19436,0,0,1298082,19436,0,0,1.4435531788472964,0.0,1.4435531788472964,0.0
tornado,1100,m,fpar_tq1,fpar,oblivious,-target_q_delay 1,0.5,10000000,2,62.14,550,4797.379474545455,4852.21,9776.77,10007.1,825.423,1346400,16220,436,0,783237,15519,0,0,1.2046939988116458,0.03238265002970885,1.1526292335115864,0.0
tornado,1100,m,fpar_tq3,fpar,oblivious,-target_q_delay 3,0.5,10000000,2,90.53,550,4690.064692727275,4712.84,9695.88,9873.49,826.163,1346400,18137,526,0,924034,17160,0,0,1.3470736779560308,0.03906714200831848,1.2745098039215685,0.0
tornado,1100,m,fpar_tq6,fpar,oblivious,-target_q_delay 6,0.5,10000000,2,108.25,550,4560.12220909091,4558.7,9551.04,9773.34,827.667,1346400,18690,442,0,1212531,17645,0,0,1.3881461675579323,0.03282828282828283,1.310531788472965,0.0
tornado,1100,m,fpar_tq12,fpar,oblivious,-target_q_delay 12,0.5,10000000,2,205.51,550,4012.109274545455,3964.92,8955.94,9777.64,827.959,1346400,23046,1768,0,1270218,18053,0,0,1.7116755793226381,0.13131313131313133,1.3408348187759953,0.0
tornado,1100,m,fpar_tq24,fpar,oblivious,-target_q_delay 24,0.5,10000000,2,222.9,550,3975.0907599999978,3902.91,8959.32,9769.8,833.481,1346400,41007,1805,0,1278239,35459,0,0,3.0456773618538326,0.13406120023767082,2.633615567439097,0.0
tornado,1100,m,reps_dfp_best,reps_dfp,reps,-reps_partition_entropy,0.5,10000000,2,16.83,550,4580.570256363641,4555.45,8719.34,8967.47,825.587,1346400,19530,0,0,1297962,19530,0,0,1.4505347593582887,0.0,1.4505347593582887,0.0
tornado,1100,m,fpar_tq1,fpar,oblivious,-target_q_delay 1,0.5,10000000,3,82.7,550,5051.380081818179,4921.01,9467.76,10536.1,823.887,1346400,16964,654,0,792718,15854,0,0,1.2599524658348187,0.04857397504456328,1.1775103980986334,0.0
tornado,1100,m,fpar_tq3,fpar,oblivious,-target_q_delay 3,0.5,10000000,3,99.31,550,4939.299012727275,4839.94,9090.07,10461.2,823.887,1346400,18772,769,0,929341,17385,0,0,1.3942364824717766,0.05711527035056447,1.2912210338680927,0.0
tornado,1100,m,fpar_tq6,fpar,oblivious,-target_q_delay 6,0.5,10000000,3,132.64,550,4687.352239999996,4604.02,8962.16,14584.8,823.887,1346400,19829,1034,0,1201652,17548,0,0,1.4727421271538919,0.07679738562091504,1.3033273915626857,0.0
tornado,1100,m,fpar_tq12,fpar,oblivious,-target_q_delay 12,0.5,10000000,3,227.21,550,4172.42006909091,4013.41,9375.69,9783.23,823.887,1346400,23455,1867,0,1255717,17975,0,0,1.7420528817587642,0.1386660724896019,1.3350415923945336,0.0
tornado,1100,m,fpar_tq24,fpar,oblivious,-target_q_delay 24,0.5,10000000,3,251.32,550,4154.72232727273,4053.65,8962.39,9966.34,823.931,1346400,42694,1864,0,1269243,36357,0,0,3.170974450386215,0.1384432560903149,2.7003119429590017,0.0
tornado,1100,m,reps_dfp_best,reps_dfp,reps,-reps_partition_entropy,0.5,10000000,3,16.56,550,4342.818143636367,4043.47,8202.08,8963.34,825.311,1346400,19449,0,0,1299042,19449,0,0,1.4445187165775402,0.0,1.4445187165775402,0.0
tornado,1100,m,fpar_tq1,fpar,oblivious,-target_q_delay 1,0.5,10000000,4,41.75,550,4655.625812727273,4750.86,7544.73,7677.31,828.387,1346400,16178,375,0,779164,15591,0,0,1.201574569221628,0.02785204991087344,1.1579768270944741,0.0
tornado,1100,m,fpar_tq3,fpar,oblivious,-target_q_delay 3,0.5,10000000,4,58.24,550,4534.364947272729,4724.63,7310.04,7447.81,831.004,1346400,17609,465,0,918415,16731,0,0,1.3078579916815212,0.03453654188948307,1.2426470588235294,0.0
tornado,1100,m,fpar_tq6,fpar,oblivious,-target_q_delay 6,0.5,10000000,4,80.16,550,4344.185932727275,4349.81,7258.1,7383.7,835.12,1346400,18904,745,0,1208215,17337,0,0,1.404040404040404,0.055332739156268566,1.2876559714795008,0.0
tornado,1100,m,fpar_tq12,fpar,oblivious,-target_q_delay 12,0.5,10000000,4,117.48,550,3821.7241072727275,3798.4,7146.73,7339.02,842.536,1346400,22653,1523,0,1259878,17811,0,0,1.6824866310160427,0.113116458704694,1.3228609625668448,0.0
tornado,1100,m,fpar_tq24,fpar,oblivious,-target_q_delay 24,0.5,10000000,4,132.73,550,3824.3067963636363,3852.64,7222.08,7331.03,838.209,1346400,40196,1547,0,1268970,34991,0,0,2.9854426619132504,0.1148989898989899,2.598856209150327,0.0
tornado,1100,m,reps_dfp_best,reps_dfp,reps,-reps_partition_entropy,0.5,10000000,4,17.35,550,4708.011227272724,4530.22,10271.4,10585.7,823.887,1346400,19617,0,0,1298515,19617,0,0,1.4569964349376114,0.0,1.4569964349376114,0.0
tornado,1100,m,fpar_tq1,fpar,oblivious,-target_q_delay 1,0.5,10000000,5,49.41,550,4903.649338181815,4819.99,9126.86,9214.9,826.403,1346400,16437,407,0,789424,15814,0,0,1.2208110516934045,0.03022875816993464,1.1745395127748068,0.0
tornado,1100,m,fpar_tq3,fpar,oblivious,-target_q_delay 3,0.5,10000000,5,58.61,549,4804.431060109291,4774.47,8988.58,9059.75,827.175,1344962,19197,798,0,925391,17568,0,0,1.4273265713083343,0.05933253132802265,1.3062079077327091,0.0
tornado,1100,m,fpar_tq6,fpar,oblivious,-target_q_delay 6,0.5,10000000,5,63.75,550,4656.897169090904,4573.34,8905.02,9146.06,832.952,1346400,19000,459,0,1215370,17861,0,0,1.4111705288175875,0.03409090909090909,1.326574569221628,0.0
tornado,1100,m,fpar_tq12,fpar,oblivious,-target_q_delay 12,0.5,10000000,5,109.48,550,4154.60205090909,4078.78,8768.09,8965.72,834.312,1346400,22629,1472,0,1270574,18289,0,0,1.6807040998217468,0.10932857991681522,1.3583630421865716,0.0
tornado,1100,m,fpar_tq24,fpar,oblivious,-target_q_delay 24,0.5,10000000,5,151.52,550,4159.895298181821,4075.82,8780.01,8963.2,835.062,1346400,41745,1458,0,1277229,36823,0,0,3.1004901960784315,0.10828877005347594,2.7349227569815806,0.0
tornado,1100,m,reps_dfp_best,reps_dfp,reps,-reps_partition_entropy,0.5,10000000,5,15.87,550,4392.728041818179,4084.9,8015.82,8164.73,826.552,1346400,19485,0,0,1297996,19485,0,0,1.447192513368984,0.0,1.447192513368984,0.0
tornado,1100,m,fpar_tq1,fpar,oblivious,-target_q_delay 1,0.75,500000,1,21.67,825,326.8234170909092,320.494,652.733,1244.17,63.4024,101475,27642,58,0,77342,27159,0,0,27.24020694752402,0.057156935205715693,26.764227642276424,0.0
tornado,1100,m,fpar_tq3,fpar,oblivious,-target_q_delay 3,0.75,500000,1,25.52,825,342.76109369696974,319.55,647.84,17145.7,61.8629,101475,29714,83,0,80223,29070,0,0,29.28208918452821,0.08179354520817936,28.647450110864746,0.0
tornado,1100,m,fpar_tq6,fpar,oblivious,-target_q_delay 6,0.75,500000,1,23.98,825,312.0667813333337,296.123,654.831,2963.65,65.9142,101475,30663,21,0,85678,30134,0,0,30.21729490022173,0.020694752402069475,29.6959842325696,0.0
tornado,1100,m,fpar_tq12,fpar,oblivious,-target_q_delay 12,0.75,500000,1,23.74,825,299.4432241212122,278.236,625.653,921.873,63.9354,101475,31127,9,0,92292,30652,0,0,30.674550381867455,0.008869179600886918,30.206454791820647,0.0
tornado,1100,m,fpar_tq24,fpar,oblivious,-target_q_delay 24,0.75,500000,1,23.97,825,300.1158648484848,286.396,624.258,1373.7,63.4216,101475,32376,8,0,93083,31851,0,0,31.90539541759054,0.007883715200788372,31.3880266075388,0.0
tornado,1100,m,reps_dfp_best,reps_dfp,reps,-reps_partition_entropy,0.75,500000,1,2.02,825,314.74139672727273,300.967,577.155,614.537,92.3133,101475,33587,0,0,94286,33587,0,0,33.09879280610988,0.0,33.09879280610988,0.0
tornado,1100,m,fpar_tq1,fpar,oblivious,-target_q_delay 1,0.75,500000,2,21.52,825,321.80684969696983,319.487,627.401,747.119,65.5266,101475,27584,50,0,77533,27192,0,0,27.183050012318304,0.04927322000492732,26.796747967479675,0.0
tornado,1100,m,fpar_tq3,fpar,oblivious,-target_q_delay 3,0.75,500000,2,23.12,825,318.59994218181845,317.895,610.588,851.753,63.251,101475,29670,36,0,80256,29245,0,0,29.238728750923872,0.03547671840354767,28.819906380881992,0.0
tornado,1100,m,fpar_tq6,fpar,oblivious,-target_q_delay 6,0.75,500000,2,24.19,825,302.249352121212,298.172,580.575,1436.02,65.8221,101475,30824,19,0,85693,30403,0,0,30.375954668637597,0.018723823601872382,29.96107415619611,0.0
tornado,1100,m,fpar_tq12,fpar,oblivious,-target_q_delay 12,0.75,500000,2,19.93,825,293.0951711515154,283.356,596.628,758.952,65.8067,101475,31372,6,0,92145,30943,0,0,30.9159891598916,0.005912786400591279,30.493224932249323,0.0
tornado,1100,m,fpar_tq24,fpar,oblivious,-target_q_delay 24,0.75,500000,2,22.6,825,293.20725672727275,286.729,555.181,630.965,63.7746,101475,32545,10,0,93054,32114,0,0,32.0719389012072,0.009854644000985464,31.64720374476472,0.0
tornado,1100,m,reps_dfp_best,reps_dfp,reps,-reps_partition_entropy,0.75,500000,2,2.2,825,319.57080727272717,301.085,610.505,641.04,109.746,101475,33666,0,0,93965,33666,0,0,33.17664449371767,0.0,33.17664449371767,0.0
tornado,1100,m,fpar_tq1,fpar,oblivious,-target_q_delay 1,0.75,500000,3,21.68,825,329.6025166060607,321.272,592.703,2778.69,54.817,101475,27802,43,0,77053,27356,0,0,27.39788125153979,0.0423749692042375,26.958364129095838,0.0
tornado,1100,m,fpar_tq3,fpar,oblivious,-target_q_delay 3,0.75,500000,3,33.73,825,359.02045175757564,322.31,580.879,27435.1,53.8686,101475,30104,93,0,80783,29366,0,0,29.666420300566642,0.09164818920916482,28.939147573293916,0.0
tornado,1100,m,fpar_tq6,fpar,oblivious,-target_q_delay 6,0.75,500000,3,24.3,825,312.8584586666666,301.058,585.088,2860.91,53.2456,101475,30960,31,0,85366,30424,0,0,30.509977827051,0.03054939640305494,29.981768908598177,0.0
tornado,1100,m,fpar_tq12,fpar,oblivious,-target_q_delay 12,0.75,500000,3,27.96,825,300.40717103030266,285.513,574.213,718.443,54.7256,101475,31479,10,0,91920,30996,0,0,31.02143385070214,0.009854644000985464,30.545454545454547,0.0
tornado,1100,m,fpar_tq24,fpar,oblivious,-target_q_delay 24,0.75,500000,3,27.34,825,301.1907616969696,288.287,559.832,1701.85,53.7941,101475,32571,11,0,93141,32081,0,0,32.09756097560975,0.01084010840108401,31.61468341956147,0.0
tornado,1100,m,reps_dfp_best,reps_dfp,reps,-reps_partition_entropy,0.75,500000,3,2.07,825,313.90574860606034,302.2,599.892,689.286,92.3184,101475,33675,0,0,94028,33675,0,0,33.18551367331855,0.0,33.18551367331855,0.0
tornado,1100,m,fpar_tq1,fpar,oblivious,-target_q_delay 1,0.75,500000,4,27.51,825,317.75004969696954,315.559,516.755,917.409,66.4656,101475,27549,51,0,76759,27047,0,0,27.148558758314856,0.05025868440502587,26.653855629465387,0.0
tornado,1100,m,fpar_tq3,fpar,oblivious,-target_q_delay 3,0.75,500000,4,41.42,825,352.75044145454547,314.286,530.87,19178.7,64.2981,101475,29791,172,0,79666,28908,0,0,29.357969943335796,0.16949987681695,28.48780487804878,0.0
tornado,1100,m,fpar_tq6,fpar,oblivious,-target_q_delay 6,0.75,500000,4,29.51,825,305.28198557575786,296.245,517.717,3860.01,66.9274,101475,30651,23,0,85188,30060,0,0,30.20546932742055,0.022665681202266568,29.623059866962308,0.0
tornado,1100,m,fpar_tq12,fpar,oblivious,-target_q_delay 12,0.75,500000,4,30.86,825,291.57458739393945,276.289,508.95,1523.47,61.8296,101475,31172,12,0,91528,30598,0,0,30.71889627987189,0.011825572801182557,30.153239714215324,0.0
tornado,1100,m,fpar_tq24,fpar,oblivious,-target_q_delay 24,0.75,500000,4,32.66,825,291.733376969697,283.564,502.585,2187.52,61.5968,101475,32361,12,0,92305,31771,0,0,31.89061345158906,0.011825572801182557,31.30918945553092,0.0
tornado,1100,m,reps_dfp_best,reps_dfp,reps,-reps_partition_entropy,0.75,500000,4,2.14,825,322.5391132121211,314.384,597.412,639.571,52.4442,101475,33647,0,0,94222,33647,0,0,33.15792067011579,0.0,33.15792067011579,0.0
tornado,1100,m,fpar_tq1,fpar,oblivious,-target_q_delay 1,0.75,500000,5,23.95,825,338.2263441212122,329.734,619.297,1823.36,66.5917,101475,28063,60,0,77637,27534,0,0,27.655087459965507,0.059127864005912786,27.133776792313377,0.0
tornado,1100,m,fpar_tq3,fpar,oblivious,-target_q_delay 3,0.75,500000,5,27.16,825,342.7806528484848,324.786,621.431,7420.52,62.9394,101475,29990,64,0,81238,29400,0,0,29.554077358955407,0.06306972160630697,28.972653362897265,0.0
tornado,1100,m,fpar_tq6,fpar,oblivious,-target_q_delay 6,0.75,500000,5,24.87,825,322.46091078787884,303.171,613.543,3334.43,64.3818,101475,30970,25,0,85754,30447,0,0,30.519832471051984,0.02463661000246366,30.004434589800443,0.0
tornado,1100,m,fpar_tq12,fpar,oblivious,-target_q_delay 12,0.75,500000,5,24.65,825,308.0150049696971,291.472,613.293,1172.86,62.0226,101475,31459,8,0,92165,30966,0,0,31.001724562700172,0.007883715200788372,30.51589061345159,0.0
tornado,1100,m,fpar_tq24,fpar,oblivious,-target_q_delay 24,0.75,500000,5,27.52,825,305.25779696969687,294.783,592.115,1065.57,64.9928,101475,32712,9,0,93087,32187,0,0,32.23651145602365,0.008869179600886918,31.719142645971914,0.0
tornado,1100,m,reps_dfp_best,reps_dfp,reps,-reps_partition_entropy,0.75,500000,5,2.03,825,304.5049256969697,295.015,545.167,593.394,92.2731,101475,33593,0,0,94007,33593,0,0,33.10470559251047,0.0,33.10470559251047,0.0
tornado,1100,m,fpar_tq1,fpar,oblivious,-target_q_delay 1,0.75,2000000,1,38.64,825,1316.4495442424254,1300.38,2578.9,3117.33,345.263,404250,28109,296,0,275900,27357,0,0,6.953370439084725,0.07322201607915893,6.7673469387755105,0.0
tornado,1100,m,fpar_tq3,fpar,oblivious,-target_q_delay 3,0.75,2000000,1,81.22,825,1363.400467878789,1283.86,2571.87,62190.3,337.587,404250,31427,799,0,303262,29696,0,0,7.774149659863945,0.19764996907854052,7.345949288806431,0.0
tornado,1100,m,fpar_tq6,fpar,oblivious,-target_q_delay 6,0.75,2000000,1,82.68,825,1216.9403636363636,1208.42,2526.71,5021.27,249.06,404250,31816,497,0,353463,30191,0,0,7.870377241805813,0.12294372294372294,7.468398268398269,0.0
tornado,1100,m,fpar_tq12,fpar,oblivious,-target_q_delay 12,0.75,2000000,1,82.18,825,1196.520042424243,1231.53,2468.13,2633.69,206.192,404250,32876,507,0,380949,30761,0,0,8.132591218305503,0.125417439703154,7.609400123685838,0.0
tornado,1100,m,fpar_tq24,fpar,oblivious,-target_q_delay 24,0.75,2000000,1,84.93,825,1147.3115733333314,1127.02,2495.05,2639.79,248.349,404250,39467,433,0,383317,37367,0,0,9.763017934446506,0.10711193568336426,9.243537414965987,0.0
tornado,1100,m,reps_dfp_best,reps_dfp,reps,-reps_partition_entropy,0.75,2000000,1,6.12,825,1260.4829890909102,1211.19,2265.08,2305.31,332.523,404250,33586,0,0,383548,33586,0,0,8.308225108225109,0.0,8.308225108225109,0.0
tornado,1100,m,fpar_tq1,fpar,oblivious,-target_q_delay 1,0.75,2000000,2,33.32,825,1280.1798157575752,1259.29,2351.43,2518.23,351.166,404250,28014,253,0,274432,27439,0,0,6.92987012987013,0.06258503401360545,6.787631416202845,0.0
tornado,1100,m,fpar_tq3,fpar,oblivious,-target_q_delay 3,0.75,2000000,2,47.57,825,1258.393183030303,1256.37,2351.05,2969.53,254.252,404250,30473,359,0,303538,29632,0,0,7.538157081014224,0.08880643166357452,7.330117501546073,0.0
tornado,1100,m,fpar_tq6,fpar,oblivious,-target_q_delay 6,0.75,2000000,2,71.52,825,1189.2497515151506,1179.81,2378.93,2481.05,205.584,404250,31688,412,0,352842,30413,0,0,7.838713667285096,0.10191713048855906,7.523314780457637,0.0
tornado,1100,m,fpar_tq12,fpar,oblivious,-target_q_delay 12,0.75,2000000,2,73.66,825,1171.7846666666662,1196.61,2239.93,2464.62,204.406,404250,32799,429,0,382271,31027,0,0,8.113543599257884,0.10612244897959183,7.6752009894867035,0.0
tornado,1100,m,fpar_tq24,fpar,oblivious,-target_q_delay 24,0.75,2000000,2,98.48,825,1116.8879224242423,1112.09,2266.21,2457.98,223.863,404250,39307,438,0,384749,37356,0,0,9.72343846629561,0.10834879406307978,9.240816326530613,0.0
tornado,1100,m,reps_dfp_best,reps_dfp,reps,-reps_partition_entropy,0.75,2000000,2,6.04,825,1288.091516363636,1227.78,2334.85,2479.36,407.944,404250,33666,0,0,383525,33666,0,0,8.328014842300556,0.0,8.328014842300556,0.0
tornado,1100,m,fpar_tq1,fpar,oblivious,-target_q_delay 1,0.75,2000000,3,38.22,825,1319.3029878787866,1289.73,2331.19,3185.97,178.208,404250,28222,299,0,275313,27503,0,0,6.981323438466296,0.07396413110698825,6.803463203463203,0.0
tornado,1100,m,fpar_tq3,fpar,oblivious,-target_q_delay 3,0.75,2000000,3,74.28,824,1298.3699660194172,1272.33,2273.48,2372.91,177.041,404141,31957,652,0,303897,29991,0,0,7.907388757884005,0.1613298329048525,7.42092487522919,0.0
tornado,1100,m,fpar_tq6,fpar,oblivious,-target_q_delay 6,0.75,2000000,3,78.56,825,1226.2078169696965,1189.02,2239.37,6615.33,179.661,404250,32044,471,0,354749,30472,0,0,7.926777983920841,0.11651205936920223,7.5379097093382805,0.0
tornado,1100,m,fpar_tq12,fpar,oblivious,-target_q_delay 12,0.75,2000000,3,92.17,825,1206.8614654545445,1197.65,2254.34,3738.61,184.636,404250,32948,428,0,381819,31068,0,0,8.150401978973408,0.10587507730364873,7.685343228200371,0.0
tornado,1100,m,fpar_tq24,fpar,oblivious,-target_q_delay 24,0.75,2000000,3,87.91,825,1146.97065939394,1113.98,2263.73,3852.33,177.596,404250,39320,378,0,383570,37440,0,0,9.72665429808287,0.09350649350649351,9.261595547309833,0.0
tornado,1100,m,reps_dfp_best,reps_dfp,reps,-reps_partition_entropy,0.75,2000000,3,6.17,825,1260.2167830303028,1231.02,2389.65,2649.15,311.091,404250,33672,0,0,382631,33672,0,0,8.329499072356215,0.0,8.329499072356215,0.0
tornado,1100,m,fpar_tq1,fpar,oblivious,-target_q_delay 1,0.75,2000000,4,49.5,825,1283.0723430303021,1272.41,2022.71,2745.46,471.828,404250,28040,346,0,273609,27170,0,0,6.936301793444651,0.08559059987631416,6.72108843537415,0.0
tornado,1100,m,fpar_tq3,fpar,oblivious,-target_q_delay 3,0.75,2000000,4,125.85,825,1419.797347878787,1254.38,1995.11,81082.1,268.5,404250,32107,1375,0,301066,29237,0,0,7.942362399505257,0.3401360544217687,7.232405689548547,0.0
tornado,1100,m,fpar_tq6,fpar,oblivious,-target_q_delay 6,0.75,2000000,4,91.47,825,1190.9820387878788,1170.13,1975.65,11391.9,266.733,404250,31946,511,0,352301,30072,0,0,7.902535559678417,0.1264069264069264,7.438961038961039,0.0
tornado,1100,m,fpar_tq12,fpar,oblivious,-target_q_delay 12,0.75,2000000,4,94.06,825,1160.3010351515156,1173.74,1969.71,3783.73,198.851,404250,32890,507,0,378369,30677,0,0,8.136054421768707,0.125417439703154,7.588620902906618,0.0
tornado,1100,m,fpar_tq24,fpar,oblivious,-target_q_delay 24,0.75,2000000,4,116.29,825,1093.1799139393938,1086.14,1964.46,2496.42,284.63,404250,39054,397,0,379116,36896,0,0,9.660853432282003,0.09820655534941249,9.127025355596784,0.0
tornado,1100,m,reps_dfp_best,reps_dfp,reps,-reps_partition_entropy,0.75,2000000,4,7.24,825,1299.3343272727245,1282.08,2312.24,2476.96,175.045,404250,33646,0,0,383983,33646,0,0,8.323067408781695,0.0,8.323067408781695,0.0
tornado,1100,m,fpar_tq1,fpar,oblivious,-target_q_delay 1,0.75,2000000,5,40.75,825,1331.3217709090916,1282.57,2407.43,2706.65,335.117,404250,28469,285,0,276286,27722,0,0,7.042424242424242,0.07050092764378478,6.857637600494743,0.0
tornado,1100,m,fpar_tq3,fpar,oblivious,-target_q_delay 3,0.75,2000000,5,84.44,825,1386.4323030303033,1271.57,2401.8,63731.2,323.28,404250,31753,770,0,304558,29982,0,0,7.854792826221398,0.19047619047619047,7.416697588126159,0.0
tornado,1100,m,fpar_tq6,fpar,oblivious,-target_q_delay 6,0.75,2000000,5,83.37,825,1247.5492278787874,1205.54,2389.32,7933.78,259.722,404250,32023,425,0,351337,30465,0,0,7.921583178726036,0.10513296227581942,7.536178107606679,0.0
tornado,1100,m,fpar_tq12,fpar,oblivious,-target_q_delay 12,0.75,2000000,5,82.84,825,1221.2408109090918,1221.0,2302.92,2519.24,259.274,404250,32969,415,0,381495,31033,0,0,8.155596784168212,0.10265924551638837,7.676685219542362,0.0
tornado,1100,m,fpar_tq24,fpar,oblivious,-target_q_delay 24,0.75,2000000,5,119.57,825,1169.9668448484847,1152.36,2316.78,2454.59,272.216,404250,39712,400,0,382858,37689,0,0,9.823623995052566,0.09894867037724181,9.323191094619666,0.0
tornado,1100,m,reps_dfp_best,reps_dfp,reps,-reps_partition_entropy,0.75,2000000,5,6.4,825,1231.1945381818184,1228.14,2144.75,2317.02,336.728,404250,33591,0,0,383453,33591,0,0,8.309461966604824,0.0,8.309461966604824,0.0
tornado,1100,m,fpar_tq1,fpar,oblivious,-target_q_delay 1,0.75,10000000,1,126.71,825,6837.457672727271,6754.31,13034.3,13383.2,1715.73,2019600,30568,1372,0,1363452,28521,0,0,1.5135670429788077,0.06793424440483264,1.4122103386809268,0.0
tornado,1100,m,fpar_tq3,fpar,oblivious,-target_q_delay 3,0.75,10000000,1,167.59,825,6702.5184848484805,6542.73,12964.2,13118.7,1568.61,2019600,36134,2060,0,1542820,33178,0,0,1.7891661715191127,0.10200039611804318,1.6428005545652604,0.0
tornado,1100,m,fpar_tq6,fpar,oblivious,-target_q_delay 6,0.75,10000000,1,225.43,825,6423.344133333335,6414.84,12700.9,13031.5,1152.26,2019600,33712,1589,0,1851387,30346,0,0,1.6692414339473163,0.07867894632600515,1.5025747672806495,0.0
tornado,1100,m,fpar_tq12,fpar,oblivious,-target_q_delay 12,0.75,10000000,1,395.25,825,5584.439814545461,5474.3,12138.8,13034.0,907.895,2019600,40110,3258,0,1913704,31049,0,0,1.9860368389780154,0.16131907308377896,1.537383640324817,0.0
tornado,1100,m,fpar_tq24,fpar,oblivious,-target_q_delay 24,0.75,10000000,1,505.04,825,5673.97107878787,5491.2,12686.3,13034.3,1052.43,2019600,78066,3227,0,1927554,68049,0,0,3.8654188948306594,0.1597841156664686,3.3694295900178255,0.0
tornado,1100,m,reps_dfp_best,reps_dfp,reps,-reps_partition_entropy,0.75,10000000,1,30.84,825,6337.5115393939395,6139.52,11285.4,11427.2,1617.12,2019600,33586,0,0,1971081,33586,0,0,1.6630025747672808,0.0,1.6630025747672808,0.0
tornado,1100,m,fpar_tq1,fpar,oblivious,-target_q_delay 1,0.75,10000000,2,135.15,825,6633.145042424231,6623.29,12312.0,12572.7,1723.98,2019600,29768,1277,0,1354559,28095,0,0,1.473955238661121,0.06323034264210735,1.3911170528817587,0.0
tornado,1100,m,fpar_tq3,fpar,oblivious,-target_q_delay 3,0.75,10000000,2,182.71,825,6506.121624242425,6427.11,12087.7,12394.8,1670.76,2019600,34053,1675,0,1540694,31686,0,0,1.6861259655377303,0.08293721529015646,1.5689245395127749,0.0
tornado,1100,m,fpar_tq6,fpar,oblivious,-target_q_delay 6,0.75,10000000,2,242.52,825,6294.2198424242415,6258.8,11760.2,12223.7,1558.46,2019600,32860,1286,0,1860063,30466,0,0,1.62705486234898,0.06367597544068132,1.5085165379283025,0.0
tornado,1100,m,fpar_tq12,fpar,oblivious,-target_q_delay 12,0.75,10000000,2,382.41,825,5482.221870303032,5543.69,11333.9,12210.6,943.643,2019600,39210,2910,0,1925256,31263,0,0,1.941473559120618,0.14408793820558527,1.547979797979798,0.0
tornado,1100,m,fpar_tq24,fpar,oblivious,-target_q_delay 24,0.75,10000000,2,504.95,825,5524.899587878788,5547.43,11546.2,12212.6,952.697,2019600,76050,3171,0,1940251,66694,0,0,3.765597147950089,0.15701128936423053,3.3023370964547434,0.0
tornado,1100,m,reps_dfp_best,reps_dfp,reps,-reps_partition_entropy,0.75,10000000,2,31.24,825,6477.536557575752,6320.89,11951.4,12216.0,2137.32,2019600,33666,0,0,1975040,33666,0,0,1.6669637551990493,0.0,1.6669637551990493,0.0
tornado,1100,m,fpar_tq1,fpar,oblivious,-target_q_delay 1,0.75,10000000,3,172.3,825,6861.2496969696895,6660.57,11598.1,16447.7,829.76,2019600,30673,1637,0,1364185,28385,0,0,1.518766092295504,0.08105565458506635,1.4054763319469201,0.0
tornado,1100,m,fpar_tq3,fpar,oblivious,-target_q_delay 3,0.75,10000000,3,198.14,824,6720.4564247572835,6500.87,11413.7,11520.2,828.964,2017515,37194,2262,0,1544822,33354,0,0,1.8435550665050817,0.11211812551579542,1.6532219091307871,0.0
tornado,1100,m,fpar_tq6,fpar,oblivious,-target_q_delay 6,0.75,10000000,3,279.46,825,6412.1055854545475,6338.09,11248.8,18586.2,840.448,2019600,34837,2127,0,1851511,30536,0,0,1.7249455337690631,0.10531788472964944,1.5119825708061003,0.0
tornado,1100,m,fpar_tq12,fpar,oblivious,-target_q_delay 12,0.75,10000000,3,415.99,825,5653.912077575763,5574.78,10743.7,14722.5,877.354,2019600,39716,3040,0,1928782,31399,0,0,1.9665280253515547,0.15052485640720936,1.5547138047138047,0.0
tornado,1100,m,fpar_tq24,fpar,oblivious,-target_q_delay 24,0.75,10000000,3,461.88,825,5729.536208484851,5596.4,11212.5,14575.7,839.966,2019600,77172,3066,0,1940346,67840,0,0,3.8211527035056445,0.15181224004753416,3.3590810061398297,0.0
tornado,1100,m,reps_dfp_best,reps_dfp,reps,-reps_partition_entropy,0.75,10000000,3,29.85,825,6350.405503030309,6269.38,12054.9,13025.9,1513.36,2019600,33672,0,0,1974775,33672,0,0,1.667260843731432,0.0,1.667260843731432,0.0
tornado,1100,m,fpar_tq1,fpar,oblivious,-target_q_delay 1,0.75,10000000,4,184.35,825,6631.770290909095,6644.53,11206.1,11897.9,2367.49,2019600,30152,1466,0,1351278,27932,0,0,1.4929689047336105,0.07258863141216082,1.3830461477520302,0.0
tornado,1100,m,fpar_tq3,fpar,oblivious,-target_q_delay 3,0.75,10000000,4,237.27,824,6495.111990291262,6466.27,10435.3,10744.1,2308.27,2017910,35079,2529,0,1535993,31057,0,0,1.7383827821855287,0.12532769053129228,1.5390676492014015,0.0
tornado,1100,m,fpar_tq6,fpar,oblivious,-target_q_delay 6,0.75,10000000,4,236.77,825,6257.586339393939,6361.57,9781.11,14300.2,1292.41,2019600,33763,1674,0,1853060,30101,0,0,1.6717666864725689,0.08288770053475936,1.4904436522083582,0.0
tornado,1100,m,fpar_tq12,fpar,oblivious,-target_q_delay 12,0.75,10000000,4,515.2,825,5413.1509939393945,5475.69,9746.64,9806.36,1055.7,2019600,40922,3570,0,1911134,31069,0,0,2.0262428203604674,0.17676767676767677,1.538373935432759,0.0
tornado,1100,m,fpar_tq24,fpar,oblivious,-target_q_delay 24,0.75,10000000,4,608.91,825,5449.485127272724,5518.86,9712.92,9781.66,1055.31,2019600,76596,3343,0,1917440,65906,0,0,3.7926322043969103,0.16552782729253318,3.2633194692018224,0.0
tornado,1100,m,reps_dfp_best,reps_dfp,reps,-reps_partition_entropy,0.75,10000000,4,28.94,825,6514.2066218181835,6425.15,11635.2,12210.9,827.633,2019600,33646,0,0,1973109,33646,0,0,1.6659734600911071,0.0,1.6659734600911071,0.0
tornado,1100,m,fpar_tq1,fpar,oblivious,-target_q_delay 1,0.75,10000000,5,180.82,825,6898.264884848477,6581.96,12324.0,12573.2,1627.45,2019600,30943,1408,0,1363851,28862,0,0,1.5321350762527233,0.06971677559912855,1.4290948702713409,0.0
tornado,1100,m,fpar_tq3,fpar,oblivious,-target_q_delay 3,0.75,10000000,5,242.42,824,6774.1717597087345,6467.42,12043.5,12317.8,1534.62,2017991,37449,2408,0,1542605,33659,0,0,1.8557565420262032,0.11932659759136686,1.6679459918304889,0.0
tornado,1100,m,fpar_tq6,fpar,oblivious,-target_q_delay 6,0.75,10000000,5,254.97,825,6516.505078787878,6322.01,12006.9,15522.0,1255.74,2019600,33389,1297,0,1850995,30528,0,0,1.6532481679540503,0.06422063775004952,1.5115864527629232,0.0
tornado,1100,m,fpar_tq12,fpar,oblivious,-target_q_delay 12,0.75,10000000,5,399.79,825,5696.9691830303045,5674.68,11394.7,12366.2,969.156,2019600,39422,2774,0,1916617,31288,0,0,1.9519706872648048,0.13735393147157854,1.5492176668647257,0.0
tornado,1100,m,fpar_tq24,fpar,oblivious,-target_q_delay 24,0.75,10000000,5,519.96,825,5797.466566060604,5659.5,11440.4,12224.0,960.007,2019600,77879,2831,0,1926129,68733,0,0,3.8561596355714003,0.14017627252921372,3.4032976827094474,0.0
tornado,1100,m,reps_dfp_best,reps_dfp,reps,-reps_partition_entropy,0.75,10000000,5,31.32,825,6180.211054545456,6138.51,10928.9,11419.2,1610.58,2019600,33591,0,0,1976707,33591,0,0,1.6632501485442661,0.0,1.6632501485442661,0.0
tornado,1100,m,fpar_tq1,fpar,oblivious,-target_q_delay 1,1.0,500000,1,35.26,1100,416.085677545454,413.417,886.026,1066.93,63.9003,135300,41203,111,0,106978,40531,0,0,30.453067257945307,0.082039911308204,29.95639320029564,0.0
tornado,1100,m,fpar_tq3,fpar,oblivious,-target_q_delay 3,1.0,500000,1,46.23,1100,424.92067790909044,405.06,879.606,11945.3,63.8054,135300,43380,146,0,111317,42437,0,0,32.06208425720621,0.10790835181079084,31.36511456023651,0.0
tornado,1100,m,fpar_tq6,fpar,oblivious,-target_q_delay 6,1.0,500000,1,44.22,1100,395.80328445454563,390.848,870.098,1441.82,67.6563,135300,44139,45,0,116125,43413,0,0,32.62305986696231,0.03325942350332594,32.08647450110865,0.0
tornado,1100,m,fpar_tq12,fpar,oblivious,-target_q_delay 12,1.0,500000,1,44.84,1100,390.26951072727263,389.114,815.108,2995.19,66.8198,135300,44906,24,0,124251,44165,0,0,33.18994826311899,0.017738359201773836,32.642276422764226,0.0
tornado,1100,m,fpar_tq24,fpar,oblivious,-target_q_delay 24,1.0,500000,1,43.36,1100,382.80503399999975,370.925,850.699,914.438,66.5322,135300,47072,16,0,124681,46310,0,0,34.79083518107908,0.011825572801182557,34.22764227642276,0.0
tornado,1100,m,reps_dfp_best,reps_dfp,reps,-reps_partition_entropy,1.0,500000,1,3.34,1100,409.94212272727316,398.328,771.036,818.443,115.442,135300,47968,0,0,127635,47968,0,0,35.45306725794531,0.0,35.45306725794531,0.0
tornado,1100,m,fpar_tq1,fpar,oblivious,-target_q_delay 1,1.0,500000,2,31.5,1100,407.2172386363636,402.023,748.486,820.357,65.8322,135300,40703,125,0,107100,40110,0,0,30.08351810790835,0.09238728750923873,29.645232815964523,0.0
tornado,1100,m,fpar_tq3,fpar,oblivious,-target_q_delay 3,1.0,500000,2,32.66,1100,408.6072339090909,396.918,724.638,2306.74,67.1968,135300,43120,92,0,111158,42406,0,0,31.869918699186993,0.0679970436067997,31.34220251293422,0.0
tornado,1100,m,fpar_tq6,fpar,oblivious,-target_q_delay 6,1.0,500000,2,34.17,1100,392.0368980000004,378.654,728.933,1736.04,66.2779,135300,44017,37,0,116894,43386,0,0,32.53288987435329,0.027346637102734665,32.066518847006655,0.0
tornado,1100,m,fpar_tq12,fpar,oblivious,-target_q_delay 12,1.0,500000,2,33.25,1100,380.92636309090915,378.436,718.774,1228.42,67.8003,135300,44842,29,0,124045,44233,0,0,33.14264597191426,0.021433850702143386,32.692535107169256,0.0
tornado,1100,m,fpar_tq24,fpar,oblivious,-target_q_delay 24,1.0,500000,2,37.34,1100,378.04439372727245,363.003,705.888,1092.43,80.0227,135300,46865,17,0,125265,46221,0,0,34.63784183296379,0.012564671101256468,34.16186252771619,0.0
tornado,1100,m,reps_dfp_best,reps_dfp,reps,-reps_partition_entropy,1.0,500000,2,3.41,1100,418.35971363636344,413.712,875.274,932.354,136.63,135300,48119,0,0,127400,48119,0,0,35.564671101256465,0.0,35.564671101256465,0.0
tornado,1100,m,fpar_tq1,fpar,oblivious,-target_q_delay 1,1.0,500000,3,49.96,1100,412.36011309090867,411.002,741.252,1486.54,60.5426,135300,40817,102,0,107014,39996,0,0,30.167775314116778,0.07538802660753881,29.5609756097561,0.0
tornado,1100,m,fpar_tq3,fpar,oblivious,-target_q_delay 3,1.0,500000,3,68.81,1100,442.98266245454505,405.828,742.101,21264.9,64.1662,135300,43478,209,0,110761,42274,0,0,32.13451589061345,0.15447154471544716,31.244641537324465,0.0
tornado,1100,m,fpar_tq6,fpar,oblivious,-target_q_delay 6,1.0,500000,3,57.08,1100,397.75978245454513,387.0,726.593,4053.51,64.607,135300,44120,74,0,116236,43228,0,0,32.6090169992609,0.05469327420546933,31.949741315594974,0.0
tornado,1100,m,fpar_tq12,fpar,oblivious,-target_q_delay 12,1.0,500000,3,58.08,1100,389.64958363636384,386.236,714.477,2935.15,68.4674,135300,44967,32,0,123976,44070,0,0,33.2350332594235,0.023651145602365115,32.572062084257205,0.0
tornado,1100,m,fpar_tq24,fpar,oblivious,-target_q_delay 24,1.0,500000,3,64.51,1100,381.9194229090911,374.599,706.721,1221.49,67.1611,135300,46963,26,0,124542,46090,0,0,34.71027346637103,0.019216555801921657,34.0650406504065,0.0
tornado,1100,m,reps_dfp_best,reps_dfp,reps,-reps_partition_entropy,1.0,500000,3,3.74,1100,407.7486213636362,403.846,710.167,784.7,92.4296,135300,48074,0,0,128168,48074,0,0,35.53141167775314,0.0,35.53141167775314,0.0
tornado,1100,m,fpar_tq1,fpar,oblivious,-target_q_delay 1,1.0,500000,4,39.02,1100,405.2926806363636,409.107,674.115,1482.97,62.8392,135300,40701,121,0,105901,39996,0,0,30.082039911308204,0.08943089430894309,29.5609756097561,0.0
tornado,1100,m,fpar_tq3,fpar,oblivious,-target_q_delay 3,1.0,500000,4,67.9,1100,443.9843146363637,407.127,679.917,27300.1,67.6938,135300,43495,278,0,111070,42175,0,0,32.14708056171471,0.20546932742054694,31.171470805617147,0.0
tornado,1100,m,fpar_tq6,fpar,oblivious,-target_q_delay 6,1.0,500000,4,45.56,1100,393.76180009090945,390.738,672.825,2761.6,66.1763,135300,44149,43,0,117050,43366,0,0,32.63045084996305,0.031781226903178125,32.051736881005176,0.0
tornado,1100,m,fpar_tq12,fpar,oblivious,-target_q_delay 12,1.0,500000,4,50.57,1100,383.6090588181817,389.913,651.192,3699.19,66.6016,135300,44952,35,0,124197,44129,0,0,33.2239467849224,0.025868440502586843,32.61566888396157,0.0
tornado,1100,m,fpar_tq24,fpar,oblivious,-target_q_delay 24,1.0,500000,4,49.73,1100,376.09424918181804,370.906,645.637,2598.5,68.4576,135300,46991,25,0,124785,46216,0,0,34.7309682187731,0.018477457501847747,34.158167036215815,0.0
tornado,1100,m,reps_dfp_best,reps_dfp,reps,-reps_partition_entropy,1.0,500000,4,3.31,1100,410.3562916363634,422.031,730.602,809.514,92.3989,135300,48004,0,0,127811,48004,0,0,35.479674796747965,0.0,35.479674796747965,0.0
tornado,1100,m,fpar_tq1,fpar,oblivious,-target_q_delay 1,1.0,500000,5,38.2,1100,412.1089923636362,414.977,732.07,1900.96,68.865,135300,40744,130,0,106858,40014,0,0,30.11382113821138,0.09608277900960828,29.574279379157428,0.0
tornado,1100,m,fpar_tq3,fpar,oblivious,-target_q_delay 3,1.0,500000,5,58.02,1100,449.0875589090916,411.603,729.408,18351.8,66.2478,135300,43589,274,0,111122,42359,0,0,32.21655580192166,0.2025129342202513,31.307464892830748,0.0
tornado,1100,m,fpar_tq6,fpar,oblivious,-target_q_delay 6,1.0,500000,5,43.33,1100,399.3701983636366,387.474,711.867,3458.91,65.7952,135300,44208,51,0,116294,43354,0,0,32.674057649667404,0.037694013303769404,32.04286770140428,0.0
tornado,1100,m,fpar_tq12,fpar,oblivious,-target_q_delay 12,1.0,500000,5,40.04,1100,384.0372229999999,383.756,711.677,1080.18,67.0843,135300,44914,16,0,124248,44170,0,0,33.195861049519586,0.011825572801182557,32.6459719142646,0.0
tornado,1100,m,fpar_tq24,fpar,oblivious,-target_q_delay 24,1.0,500000,5,47.06,1100,380.8195242727274,373.847,698.2,1545.58,67.0554,135300,46983,32,0,125279,46237,0,0,34.72505543237251,0.023651145602365115,34.17368810051737,0.0
tornado,1100,m,reps_dfp_best,reps_dfp,reps,-reps_partition_entropy,1.0,500000,5,3.35,1100,395.78390181818185,398.876,635.647,672.011,127.611,135300,48031,0,0,127530,48031,0,0,35.49963045084996,0.0,35.49963045084996,0.0
tornado,1100,m,fpar_tq1,fpar,oblivious,-target_q_delay 1,1.0,2000000,1,74.14,1100,1699.8482463636365,1640.41,3536.6,3724.51,473.621,539000,43512,569,0,397820,42311,0,0,8.072727272727272,0.10556586270871986,7.849907235621521,0.0
tornado,1100,m,fpar_tq3,fpar,oblivious,-target_q_delay 3,1.0,2000000,1,150.06,1100,1739.9202381818177,1607.03,3491.05,72413.2,304.838,539000,48151,1369,0,429748,45323,0,0,8.933395176252318,0.25398886827458256,8.408719851576995,0.0
tornado,1100,m,fpar_tq6,fpar,oblivious,-target_q_delay 6,1.0,2000000,1,137.79,1100,1593.4260627272722,1577.94,3546.1,4368.38,270.452,539000,45773,657,0,480780,43580,0,0,8.492207792207791,0.12189239332096476,8.08534322820037,0.0
tornado,1100,m,fpar_tq12,fpar,oblivious,-target_q_delay 12,1.0,2000000,1,135.59,1100,1548.7603009090906,1557.15,3276.99,3609.82,202.127,539000,47164,735,0,510582,44256,0,0,8.750278293135436,0.13636363636363635,8.210760667903525,0.0
tornado,1100,m,fpar_tq24,fpar,oblivious,-target_q_delay 24,1.0,2000000,1,139.3,1100,1498.6359836363604,1479.09,3278.92,3599.88,202.601,539000,60120,660,0,513828,57099,0,0,11.153988868274583,0.12244897959183673,10.593506493506494,0.0
tornado,1100,m,reps_dfp_best,reps_dfp,reps,-reps_partition_entropy,1.0,2000000,1,10.98,1100,1651.4293063636367,1592.21,3038.29,3145.82,489.438,539000,47969,0,0,517180,47969,0,0,8.899628942486085,0.0,8.899628942486085,0.0
tornado,1100,m,fpar_tq1,fpar,oblivious,-target_q_delay 1,1.0,2000000,2,61.08,1100,1668.2134490909089,1586.26,2885.47,3663.82,471.351,539000,42111,554,0,398938,41094,0,0,7.8128014842300555,0.10278293135435992,7.624118738404452,0.0
tornado,1100,m,fpar_tq3,fpar,oblivious,-target_q_delay 3,1.0,2000000,2,80.68,1100,1648.48267090909,1574.0,2825.96,3023.23,432.187,539000,46177,811,0,432317,44612,0,0,8.567161410018553,0.15046382189239332,8.276808905380333,0.0
tornado,1100,m,fpar_tq6,fpar,oblivious,-target_q_delay 6,1.0,2000000,2,108.54,1100,1563.9929836363617,1524.87,2788.68,2969.15,296.516,539000,45340,700,0,483320,43481,0,0,8.411873840445269,0.12987012987012986,8.066975881261596,0.0
tornado,1100,m,fpar_tq12,fpar,oblivious,-target_q_delay 12,1.0,2000000,2,108.08,1100,1522.588686363636,1527.71,2747.79,3835.51,282.419,539000,47208,727,0,513873,44413,0,0,8.75844155844156,0.13487940630797773,8.239888682745825,0.0
tornado,1100,m,fpar_tq24,fpar,oblivious,-target_q_delay 24,1.0,2000000,2,129.07,1100,1467.0875490909077,1434.5,2813.07,2949.45,264.68,539000,59255,695,0,517974,56339,0,0,10.993506493506494,0.12894248608534323,10.452504638218924,0.0
tornado,1100,m,reps_dfp_best,reps_dfp,reps,-reps_partition_entropy,1.0,2000000,2,10.89,1100,1676.0717909090906,1659.31,3402.87,3597.84,546.302,539000,48116,0,0,517938,48116,0,0,8.926901669758813,0.0,8.926901669758813,0.0
tornado,1100,m,fpar_tq1,fpar,oblivious,-target_q_delay 1,1.0,2000000,3,111.32,1100,1696.9277245454532,1663.03,2916.74,4186.5,491.186,539000,42647,630,0,398578,41226,0,0,7.912244897959184,0.11688311688311688,7.64860853432282,0.0
tornado,1100,m,fpar_tq3,fpar,oblivious,-target_q_delay 3,1.0,2000000,3,158.5,1100,1718.0548672727264,1653.79,2844.29,62721.9,372.345,539000,47009,1193,0,428590,44552,0,0,8.72152133580705,0.22133580705009276,8.265677179962895,0.0
tornado,1100,m,fpar_tq6,fpar,oblivious,-target_q_delay 6,1.0,2000000,3,187.98,1100,1608.1041990909089,1594.7,2878.85,15402.9,243.089,539000,45897,795,0,480126,43374,0,0,8.5152133580705,0.14749536178107606,8.047124304267161,0.0
tornado,1100,m,fpar_tq12,fpar,oblivious,-target_q_delay 12,1.0,2000000,3,186.35,1100,1537.526765454547,1566.68,2782.96,3962.51,249.569,539000,47398,713,0,508683,44269,0,0,8.793692022263452,0.13228200371057514,8.21317254174397,0.0
tornado,1100,m,fpar_tq24,fpar,oblivious,-target_q_delay 24,1.0,2000000,3,218.13,1100,1483.2584799999975,1487.39,2829.29,2955.06,256.433,539000,59343,632,0,512442,56148,0,0,11.009833024118738,0.11725417439703154,10.417068645640073,0.0
tornado,1100,m,reps_dfp_best,reps_dfp,reps,-reps_partition_entropy,1.0,2000000,3,12.37,1100,1633.877526363634,1603.81,2674.64,2972.24,324.769,539000,48073,0,0,517222,48073,0,0,8.918923933209648,0.0,8.918923933209648,0.0
tornado,1100,m,fpar_tq1,fpar,oblivious,-target_q_delay 1,1.0,2000000,4,81.88,1100,1669.774996363636,1652.82,2638.24,5538.88,353.746,539000,41767,556,0,397977,40522,0,0,7.748979591836735,0.10315398886827458,7.517996289424861,0.0
tornado,1100,m,fpar_tq3,fpar,oblivious,-target_q_delay 3,1.0,2000000,4,170.33,1099,1701.9544149226572,1652.13,2622.59,65531.9,353.767,538929,48675,1680,0,431166,44676,0,0,9.031801962781739,0.3117293743702788,8.289774719861057,0.0
tornado,1100,m,fpar_tq6,fpar,oblivious,-target_q_delay 6,1.0,2000000,4,131.69,1100,1567.057672727273,1599.39,2551.23,15589.4,282.037,539000,45741,723,0,481202,43427,0,0,8.486270871985157,0.13413729128014842,8.0569573283859,0.0
tornado,1100,m,fpar_tq12,fpar,oblivious,-target_q_delay 12,1.0,2000000,4,164.13,1100,1515.020462727271,1575.31,2533.3,3843.33,252.404,539000,47138,693,0,510113,44330,0,0,8.745454545454546,0.12857142857142856,8.224489795918368,0.0
tornado,1100,m,fpar_tq24,fpar,oblivious,-target_q_delay 24,1.0,2000000,4,175.38,1100,1458.0303672727277,1477.49,2566.47,3035.14,209.74,539000,59052,633,0,516090,56010,0,0,10.955844155844156,0.11743970315398887,10.391465677179962,0.0
tornado,1100,m,reps_dfp_best,reps_dfp,reps,-reps_partition_entropy,1.0,2000000,4,11.97,1100,1649.3330327272727,1695.14,2901.54,3116.3,331.271,539000,48004,0,0,517499,48004,0,0,8.906122448979591,0.0,8.906122448979591,0.0
tornado,1100,m,fpar_tq1,fpar,oblivious,-target_q_delay 1,1.0,2000000,5,77.91,1100,1680.6875281818195,1659.96,2857.5,3994.1,604.359,539000,42024,558,0,399109,40816,0,0,7.796660482374768,0.10352504638218923,7.572541743970316,0.0
tornado,1100,m,fpar_tq3,fpar,oblivious,-target_q_delay 3,1.0,2000000,5,155.15,1100,1778.5538654545435,1640.63,2798.79,76838.4,524.612,539000,47682,1502,0,430570,44497,0,0,8.846382189239332,0.27866419294990724,8.255473098330242,0.0
tornado,1100,m,fpar_tq6,fpar,oblivious,-target_q_delay 6,1.0,2000000,5,137.92,1100,1579.9434427272727,1595.52,2795.51,6634.06,245.226,539000,45826,708,0,479991,43448,0,0,8.50204081632653,0.1313543599257885,8.060853432282004,0.0
tornado,1100,m,fpar_tq12,fpar,oblivious,-target_q_delay 12,1.0,2000000,5,140.46,1100,1532.0335363636352,1584.28,2765.15,4431.3,217.282,539000,47173,651,0,511771,44361,0,0,8.751948051948052,0.12077922077922078,8.230241187384044,0.0
tornado,1100,m,fpar_tq24,fpar,oblivious,-target_q_delay 24,1.0,2000000,5,162.15,1100,1475.104153636362,1480.38,2768.12,3186.88,207.255,539000,58879,637,0,514160,55971,0,0,10.923747680890537,0.11818181818181818,10.384230055658627,0.0
tornado,1100,m,reps_dfp_best,reps_dfp,reps,-reps_partition_entropy,1.0,2000000,5,10.04,1100,1597.6066263636374,1597.85,2467.54,2673.93,487.986,539000,48031,0,0,516651,48031,0,0,8.91113172541744,0.0,8.91113172541744,0.0
tornado,1100,m,fpar_tq1,fpar,oblivious,-target_q_delay 1,1.0,10000000,1,295.74,1100,8832.233781818173,8370.09,18005.2,18338.9,2491.85,2692800,58047,2913,0,1992722,54084,0,0,2.155637254901961,0.10817736185383245,2.0084670231729054,0.0
tornado,1100,m,fpar_tq3,fpar,oblivious,-target_q_delay 3,1.0,10000000,1,394.8,1099,8693.509836214744,8201.47,17686.0,18024.1,1954.78,2691001,67297,5020,0,2181370,60131,0,0,2.500816610621847,0.1865476824423328,2.2345216519800624,0.0
tornado,1100,m,fpar_tq6,fpar,oblivious,-target_q_delay 6,1.0,10000000,1,461.75,1100,8351.212381818184,8053.15,17668.1,33110.9,1159.4,2692800,50621,3001,0,2489975,44720,0,0,1.8798648247177658,0.11144533571004159,1.6607248960190137,0.0
tornado,1100,m,reps_dfp_best,reps_dfp,reps,-reps_partition_entropy,1.0,10000000,1,46.93,1100,8331.543727272723,8016.25,15182.4,15471.9,2337.08,2692800,47973,0,0,2645532,47973,0,0,1.7815285204991087,0.0,1.7815285204991087,0.0
tornado,1100,m,fpar_tq1,fpar,oblivious,-target_q_delay 1,1.0,10000000,2,236.5,1100,8677.978818181806,8350.89,14583.4,15110.5,2388.36,2692800,49493,2831,0,1991342,45928,0,0,1.8379753416518123,0.10513220439691028,1.7055852644087939,0.0
tornado,1100,m,fpar_tq3,fpar,oblivious,-target_q_delay 3,1.0,10000000,2,256.99,1100,8530.205454545454,8167.58,14437.5,14776.6,2334.85,2692800,63515,4141,0,2187463,58114,0,0,2.358697266785502,0.1537804515745692,2.1581253713606654,0.0
tornado,1100,m,fpar_tq6,fpar,oblivious,-target_q_delay 6,1.0,10000000,2,297.56,1100,8258.490354545449,8034.26,14138.5,14668.8,1684.91,2692800,48168,2409,0,2502004,43989,0,0,1.7887700534759359,0.08946078431372549,1.633578431372549,0.0
tornado,1100,m,fpar_tq12,fpar,oblivious,-target_q_delay 12,1.0,10000000,2,763.79,1100,7130.858645454546,7059.79,13728.7,15123.9,1110.67,2692800,58180,5075,0,2589510,45251,0,0,2.1605763517528223,0.1884655377302436,1.680444147355912,0.0
tornado,1100,m,reps_dfp_best,reps_dfp,reps,-reps_partition_entropy,1.0,10000000,2,45.76,1100,8442.59929090909,8412.47,17198.1,17908.4,2311.42,2692800,48124,0,0,2645729,48124,0,0,1.7871360665478313,0.0,1.7871360665478313,0.0
tornado,1100,m,fpar_tq1,fpar,oblivious,-target_q_delay 1,1.0,10000000,3,419.43,1100,8788.198627272728,8749.02,14607.5,18993.7,2519.38,2692800,51129,3128,0,1992422,46631,0,0,1.8987299465240641,0.11616161616161616,1.7316919191919191,0.0
tornado,1100,m,fpar_tq3,fpar,oblivious,-target_q_delay 3,1.0,10000000,3,486.19,1100,8688.854381818186,8624.87,14555.7,72483.5,2138.45,2692800,65070,5004,0,2174478,58124,0,0,2.4164438502673797,0.1858288770053476,2.1584967320261437,0.0
tornado,1100,m,fpar_tq6,fpar,oblivious,-target_q_delay 6,1.0,10000000,3,656.36,1100,8231.944618181818,8120.66,14341.3,24420.2,1222.63,2692800,51050,3607,0,2480215,44016,0,0,1.8957961972667856,0.13394979203802734,1.6345811051693404,0.0