pattern,nodes,size,strat_label,strat,load_balancing_algo,extra_flags,load_fraction,flowsize,seed,n_flows,fct_mean,fct_p50,fct_p99,fct_max,fct_min,new,rtx,rts,bounced,acks,nacks,pulls,sleek_pkts,rtx_rate_pct,rts_rate_pct,nack_rate_pct,bounced_rate_pct
tornado,1100,m,reps_dfp_no_hopnorm,reps_dfp,reps,-disable_hop_rtt_normalization,0.25,100000,1,275,22.42283854545455,22.3136,24.3278,24.6547,21.1416,6875,0,0,0,2110,0,0,0,0.0,0.0,0.0,0.0
tornado,1100,m,reps_dfp_hopnorm,reps_dfp,reps,,0.25,100000,1,275,22.42283854545455,22.3136,24.3278,24.6547,21.1416,6875,0,0,0,2110,0,0,0,0.0,0.0,0.0,0.0
tornado,1100,m,reps_dfp_hopnorm_part,reps_dfp,reps,-reps_partition_entropy,0.25,100000,1,275,33.47637999999999,33.7456,37.6259,38.2899,25.9376,6875,81,0,0,4294,81,0,0,1.1781818181818182,0.0,1.1781818181818182,0.0
tornado,1100,m,reps_dfp_no_hopnorm,reps_dfp,reps,-disable_hop_rtt_normalization,0.25,100000,2,275,22.47380509090909,22.2958,25.157,28.993,21.1456,6875,0,0,0,2113,0,0,0,0.0,0.0,0.0,0.0
tornado,1100,m,reps_dfp_hopnorm,reps_dfp,reps,,0.25,100000,2,275,22.47380509090909,22.2958,25.157,28.993,21.1456,6875,0,0,0,2113,0,0,0,0.0,0.0,0.0,0.0
tornado,1100,m,reps_dfp_hopnorm_part,reps_dfp,reps,-reps_partition_entropy,0.25,100000,2,275,33.640499272727254,34.585,39.1566,39.4886,24.7936,6875,215,0,0,4377,215,0,0,3.1272727272727274,0.0,3.1272727272727274,0.0
tornado,1100,m,reps_dfp_no_hopnorm,reps_dfp,reps,-disable_hop_rtt_normalization,0.25,100000,3,275,22.425004000000023,22.3216,24.9907,25.673,21.1416,6875,0,0,0,2109,0,0,0,0.0,0.0,0.0,0.0
tornado,1100,m,reps_dfp_hopnorm,reps_dfp,reps,,0.25,100000,3,275,22.425004000000023,22.3216,24.9907,25.673,21.1416,6875,0,0,0,2109,0,0,0,0.0,0.0,0.0,0.0
tornado,1100,m,reps_dfp_hopnorm_part,reps_dfp,reps,-reps_partition_entropy,0.25,100000,3,275,33.55565054545457,33.5736,38.3325,38.6645,25.9616,6875,176,0,0,4245,176,0,0,2.56,0.0,2.56,0.0
tornado,1100,m,reps_dfp_no_hopnorm,reps_dfp,reps,-disable_hop_rtt_normalization,0.25,100000,4,275,22.50730763636364,22.3256,24.8301,25.3267,21.1456,6875,0,0,0,2134,0,0,0,0.0,0.0,0.0,0.0
tornado,1100,m,reps_dfp_hopnorm,reps_dfp,reps,,0.25,100000,4,275,22.50730763636364,22.3256,24.8301,25.3267,21.1456,6875,0,0,0,2134,0,0,0,0.0,0.0,0.0,0.0
tornado,1100,m,reps_dfp_hopnorm_part,reps_dfp,reps,-reps_partition_entropy,0.25,100000,4,275,34.00578618181817,33.2536,45.8443,46.5083,22.9496,6875,390,0,0,4426,390,0,0,5.672727272727273,0.0,5.672727272727273,0.0
tornado,1100,m,reps_dfp_no_hopnorm,reps_dfp,reps,-disable_hop_rtt_normalization,0.25,100000,5,275,22.46328181818183,22.3256,24.8363,25.153,20.9816,6875,0,0,0,2121,0,0,0,0.0,0.0,0.0,0.0
tornado,1100,m,reps_dfp_hopnorm,reps_dfp,reps,,0.25,100000,5,275,22.46328181818183,22.3256,24.8363,25.153,20.9816,6875,0,0,0,2121,0,0,0,0.0,0.0,0.0,0.0
tornado,1100,m,reps_dfp_hopnorm_part,reps_dfp,reps,-reps_partition_entropy,0.25,100000,5,275,33.38802472727275,33.9347,37.7926,37.9766,27.6216,6875,138,0,0,4246,138,0,0,2.0072727272727273,0.0,2.0072727272727273,0.0
tornado,1100,m,reps_dfp_no_hopnorm,reps_dfp,reps,-disable_hop_rtt_normalization,0.25,500000,1,275,55.279790909090934,55.1045,57.8941,59.1736,53.9834,33825,0,0,0,8910,0,0,0,0.0,0.0,0.0,0.0
tornado,1100,m,reps_dfp_hopnorm,reps_dfp,reps,,0.25,500000,1,275,55.279790909090934,55.1045,57.8941,59.1736,53.9834,33825,0,0,0,8910,0,0,0,0.0,0.0,0.0,0.0
tornado,1100,m,reps_dfp_hopnorm_part,reps_dfp,reps,-reps_partition_entropy,0.25,500000,1,275,76.77330545454546,77.2622,86.432,86.9368,63.7314,33825,4984,0,0,24771,4984,0,0,14.734663710273466,0.0,14.734663710273466,0.0
tornado,1100,m,reps_dfp_no_hopnorm,reps_dfp,reps,-disable_hop_rtt_normalization,0.25,500000,2,275,55.420397090909134,55.1896,59.2574,60.1787,54.3074,33825,0,0,0,8924,0,0,0,0.0,0.0,0.0,0.0
tornado,1100,m,reps_dfp_hopnorm,reps_dfp,reps,,0.25,500000,2,275,55.420397090909134,55.1896,59.2574,60.1787,54.3074,33825,0,0,0,8924,0,0,0,0.0,0.0,0.0,0.0
tornado,1100,m,reps_dfp_hopnorm_part,reps_dfp,reps,-reps_partition_entropy,0.25,500000,2,275,78.15975672727278,79.1074,95.9949,102.653,62.3931,33825,5065,0,0,24393,5065,0,0,14.974131559497414,0.0,14.974131559497414,0.0
tornado,1100,m,reps_dfp_no_hopnorm,reps_dfp,reps,-disable_hop_rtt_normalization,0.25,500000,3,275,55.32714909090912,55.0994,57.9346,58.5642,53.9794,33825,0,0,0,8923,0,0,0,0.0,0.0,0.0,0.0
tornado,1100,m,reps_dfp_hopnorm,reps_dfp,reps,,0.25,500000,3,275,55.32714909090912,55.0994,57.9346,58.5642,53.9794,33825,0,0,0,8923,0,0,0,0.0,0.0,0.0,0.0
tornado,1100,m,reps_dfp_hopnorm_part,reps_dfp,reps,-reps_partition_entropy,0.25,500000,3,275,76.83641236363631,76.5925,93.4272,94.5378,65.5968,33825,4952,0,0,24828,4952,0,0,14.640059127864006,0.0,14.640059127864006,0.0
tornado,1100,m,reps_dfp_no_hopnorm,reps_dfp,reps,-disable_hop_rtt_normalization,0.25,500000,4,275,55.43882290909091,55.1997,58.9827,59.453,54.0368,33825,0,0,0,8947,0,0,0,0.0,0.0,0.0,0.0
tornado,1100,m,reps_dfp_hopnorm,reps_dfp,reps,,0.25,500000,4,275,55.463085090909104,55.3034,58.9878,59.2682,53.9874,33825,0,0,0,8950,0,0,0,0.0,0.0,0.0,0.0
tornado,1100,m,reps_dfp_hopnorm_part,reps_dfp,reps,-reps_partition_entropy,0.25,500000,4,275,78.83244654545457,75.0712,110.174,111.86,64.2507,33825,4988,0,0,24830,4988,0,0,14.746489283074649,0.0,14.746489283074649,0.0
tornado,1100,m,reps_dfp_no_hopnorm,reps_dfp,reps,-disable_hop_rtt_normalization,0.25,500000,5,275,55.33157781818186,55.0334,58.4478,62.376,53.9834,33825,0,0,0,8931,0,0,0,0.0,0.0,0.0,0.0
tornado,1100,m,reps_dfp_hopnorm,reps_dfp,reps,,0.25,500000,5,275,55.33157781818186,55.0334,58.4478,62.376,53.9834,33825,0,0,0,8931,0,0,0,0.0,0.0,0.0,0.0
tornado,1100,m,reps_dfp_hopnorm_part,reps_dfp,reps,-reps_partition_entropy,0.25,500000,5,275,76.72652109090909,76.6488,88.8466,95.5093,65.9216,33825,4966,0,0,24695,4966,0,0,14.681448632668145,0.0,14.681448632668145,0.0
tornado,1100,m,reps_dfp_no_hopnorm,reps_dfp,reps,-disable_hop_rtt_normalization,0.25,2000000,1,275,177.7583345454546,177.43,185.364,186.011,176.225,134750,0,0,0,34566,0,0,0,0.0,0.0,0.0,0.0
tornado,1100,m,reps_dfp_hopnorm,reps_dfp,reps,,0.25,2000000,1,275,177.87995272727264,177.378,186.995,190.043,176.434,134750,0,0,0,34575,0,0,0,0.0,0.0,0.0,0.0
tornado,1100,m,reps_dfp_hopnorm_part,reps_dfp,reps,-reps_partition_entropy,0.25,2000000,1,275,208.47740363636356,208.695,228.982,231.122,185.93,134750,4984,0,0,56696,4984,0,0,3.6987012987012986,0.0,3.6987012987012986,0.0
tornado,1100,m,reps_dfp_no_hopnorm,reps_dfp,reps,-disable_hop_rtt_normalization,0.25,2000000,2,275,178.0306036363636,177.511,185.885,186.82,176.19,134750,0,0,0,34779,0,0,0,0.0,0.0,0.0,0.0
tornado,1100,m,reps_dfp_hopnorm,reps_dfp,reps,,0.25,2000000,2,275,178.04449090909117,177.518,186.829,188.685,176.19,134750,0,0,0,34870,0,0,0,0.0,0.0,0.0,0.0
tornado,1100,m,reps_dfp_hopnorm_part,reps_dfp,reps,-reps_partition_entropy,0.25,2000000,2,275,211.5871345454545,212.552,246.046,254.263,184.591,134750,5065,0,0,56438,5065,0,0,3.758812615955473,0.0,3.758812615955473,0.0
tornado,1100,m,reps_dfp_no_hopnorm,reps_dfp,reps,-disable_hop_rtt_normalization,0.25,2000000,3,275,177.8130181818179,177.354,184.768,186.893,176.202,134750,0,0,0,34678,0,0,0,0.0,0.0,0.0,0.0
tornado,1100,m,reps_dfp_hopnorm,reps_dfp,reps,,0.25,2000000,3,275,177.92118545454554,177.39,186.06,187.995,176.36,134750,0,0,0,34637,0,0,0,0.0,0.0,0.0,0.0
tornado,1100,m,reps_dfp_hopnorm_part,reps_dfp,reps,-reps_partition_entropy,0.25,2000000,3,275,209.201930909091,206.832,242.988,247.904,188.836,134750,4952,0,0,56716,4952,0,0,3.6749536178107607,0.0,3.6749536178107607,0.0
tornado,1100,m,reps_dfp_no_hopnorm,reps_dfp,reps,-disable_hop_rtt_normalization,0.25,2000000,4,275,178.0802981818182,177.505,185.465,185.88,176.197,134750,0,0,0,34934,0,0,0,0.0,0.0,0.0,0.0
tornado,1100,m,reps_dfp_hopnorm,reps_dfp,reps,,0.25,2000000,4,275,178.16922909090906,177.454,185.71,187.12,176.483,134750,0,0,0,35028,0,0,0,0.0,0.0,0.0,0.0
tornado,1100,m,reps_dfp_hopnorm_part,reps_dfp,reps,-reps_partition_entropy,0.25,2000000,4,275,212.7099236363637,205.287,267.089,273.012,186.731,134750,4988,0,0,56598,4988,0,0,3.701669758812616,0.0,3.701669758812616,0.0
tornado,1100,m,reps_dfp_no_hopnorm,reps_dfp,reps,-disable_hop_rtt_normalization,0.25,2000000,5,275,177.70443272727275,177.343,184.054,188.033,176.194,134750,0,0,0,34645,0,0,0,0.0,0.0,0.0,0.0
tornado,1100,m,reps_dfp_hopnorm,reps_dfp,reps,,0.25,2000000,5,275,177.86807636363636,177.424,185.322,186.855,176.211,134750,0,0,0,34657,0,0,0,0.0,0.0,0.0,0.0
tornado,1100,m,reps_dfp_hopnorm_part,reps_dfp,reps,-reps_partition_entropy,0.25,2000000,5,275,208.56141454545465,207.5,230.799,246.402,187.967,134750,4966,0,0,56644,4966,0,0,3.685343228200371,0.0,3.685343228200371,0.0
tornado,1100,m,reps_dfp_no_hopnorm,reps_dfp,reps,-disable_hop_rtt_normalization,0.25,10000000,1,275,830.425632727273,829.35,859.496,863.976,826.547,673200,0,0,0,174539,0,0,0,0.0,0.0,0.0,0.0
tornado,1100,m,reps_dfp_hopnorm,reps_dfp,reps,,0.25,10000000,1,275,830.5089818181817,829.323,862.11,868.913,826.578,673200,0,0,0,174741,0,0,0,0.0,0.0,0.0,0.0
tornado,1100,m,reps_dfp_hopnorm_part,reps_dfp,reps,-reps_partition_entropy,0.25,10000000,1,275,870.2185236363636,869.621,927.897,943.021,836.077,673200,4984,0,0,222228,4984,0,0,0.7403446226975638,0.0,0.7403446226975638,0.0
tornado,1100,m,reps_dfp_no_hopnorm,reps_dfp,reps,-disable_hop_rtt_normalization,0.25,10000000,2,275,831.1205963636359,829.595,863.136,865.538,826.54,673200,0,0,0,176001,0,0,0,0.0,0.0,0.0,0.0
tornado,1100,m,reps_dfp_hopnorm,reps_dfp,reps,,0.25,10000000,2,275,831.2252509090904,829.655,863.727,865.699,826.543,673200,0,0,0,176127,0,0,0,0.0,0.0,0.0,0.0
tornado,1100,m,reps_dfp_hopnorm_part,reps_dfp,reps,-reps_partition_entropy,0.25,10000000,2,275,874.7417636363637,874.212,936.426,962.639,834.749,673200,5065,0,0,222250,5065,0,0,0.7523767082590612,0.0,0.7523767082590612,0.0
tornado,1100,m,reps_dfp_no_hopnorm,reps_dfp,reps,-disable_hop_rtt_normalization,0.25,10000000,3,275,830.7784509090901,828.829,862.103,867.58,826.555,673200,0,0,0,174752,0,0,0,0.0,0.0,0.0,0.0
tornado,1100,m,reps_dfp_hopnorm,reps_dfp,reps,,0.25,10000000,3,275,830.8128763636362,828.424,862.436,863.504,826.547,673200,0,0,0,174781,0,0,0,0.0,0.0,0.0,0.0
tornado,1100,m,reps_dfp_hopnorm_part,reps_dfp,reps,-reps_partition_entropy,0.25,10000000,3,275,871.9945890909087,866.558,950.324,960.661,840.084,673200,4952,0,0,223203,4952,0,0,0.7355912061794415,0.0,0.7355912061794415,0.0
tornado,1100,m,reps_dfp_no_hopnorm,reps_dfp,reps,-disable_hop_rtt_normalization,0.25,10000000,4,275,831.709992727273,828.754,861.811,865.5,826.553,673200,0,0,0,176364,0,0,0,0.0,0.0,0.0,0.0
tornado,1100,m,reps_dfp_hopnorm,reps_dfp,reps,,0.25,10000000,4,275,831.8918872727272,828.742,867.246,868.752,826.704,673200,0,0,0,176686,0,0,0,0.0,0.0,0.0,0.0
tornado,1100,m,reps_dfp_hopnorm_part,reps_dfp,reps,-reps_partition_entropy,0.25,10000000,4,275,878.410130909091,865.395,977.487,978.688,837.524,673200,4988,0,0,222802,4988,0,0,0.7409387997623291,0.0,0.7409387997623291,0.0
tornado,1100,m,reps_dfp_no_hopnorm,reps_dfp,reps,-disable_hop_rtt_normalization,0.25,10000000,5,275,830.1986363636371,828.212,854.548,869.17,826.583,673200,0,0,0,174593,0,0,0,0.0,0.0,0.0,0.0
tornado,1100,m,reps_dfp_hopnorm,reps_dfp,reps,,0.25,10000000,5,275,830.228792727273,828.124,854.749,869.769,826.548,673200,0,0,0,174525,0,0,0,0.0,0.0,0.0,0.0
tornado,1100,m,reps_dfp_hopnorm_part,reps_dfp,reps,-reps_partition_entropy,0.25,10000000,5,275,869.271970909091,866.344,932.538,958.082,838.34,673200,4966,0,0,221958,4966,0,0,0.73767082590612,0.0,0.73767082590612,0.0
tornado,1100,m,reps_dfp_no_hopnorm,reps_dfp,reps,-disable_hop_rtt_normalization,0.5,100000,1,550,24.053107818181807,23.9816,26.7827,27.313,21.997,13750,0,0,0,4246,0,0,0,0.0,0.0,0.0,0.0
tornado,1100,m,reps_dfp_hopnorm,reps_dfp,reps,,0.5,100000,1,550,24.053107818181807,23.9816,26.7827,27.313,21.997,13750,0,0,0,4246,0,0,0,0.0,0.0,0.0,0.0
tornado,1100,m,reps_dfp_hopnorm_part,reps_dfp,reps,-reps_partition_entropy,0.5,100000,1,550,45.419925454545485,45.6728,48.2285,48.8739,40.2115,13750,6145,0,0,13580,6145,0,0,44.69090909090909,0.0,44.69090909090909,0.0
tornado,1100,m,reps_dfp_no_hopnorm,reps_dfp,reps,-disable_hop_rtt_normalization,0.5,100000,2,550,24.136242727272727,23.9696,27.9776,29.9667,21.8198,13750,0,0,0,4263,0,0,0,0.0,0.0,0.0,0.0
tornado,1100,m,reps_dfp_hopnorm,reps_dfp,reps,,0.5,100000,2,550,24.136242727272727,23.9696,27.9776,29.9667,21.8198,13750,0,0,0,4263,0,0,0,0.0,0.0,0.0,0.0
tornado,1100,m,reps_dfp_hopnorm_part,reps_dfp,reps,-reps_partition_entropy,0.5,100000,2,550,45.52682654545457,45.7219,49.0718,50.3213,40.1189,13750,6098,0,0,13601,6098,0,0,44.34909090909091,0.0,44.34909090909091,0.0
tornado,1100,m,reps_dfp_no_hopnorm,reps_dfp,reps,-disable_hop_rtt_normalization,0.5,100000,3,550,23.95743381818184,23.7976,26.973,28.485,21.8096,13750,0,0,0,4223,0,0,0,0.0,0.0,0.0,0.0
tornado,1100,m,reps_dfp_hopnorm,reps_dfp,reps,,0.5,100000,3,550,23.95743381818184,23.7976,26.973,28.485,21.8096,13750,0,0,0,4223,0,0,0,0.0,0.0,0.0,0.0
tornado,1100,m,reps_dfp_hopnorm_part,reps_dfp,reps,-reps_partition_entropy,0.5,100000,3,550,45.36501018181815,45.6298,48.0874,50.2906,39.5355,13750,6111,0,0,13591,6111,0,0,44.443636363636365,0.0,44.443636363636365,0.0
tornado,1100,m,reps_dfp_no_hopnorm,reps_dfp,reps,-disable_hop_rtt_normalization,0.5,100000,4,550,24.283783636363655,24.1398,27.7856,28.4707,21.4827,13750,0,0,0,4261,0,0,0,0.0,0.0,0.0,0.0
tornado,1100,m,reps_dfp_hopnorm,reps_dfp,reps,,0.5,100000,4,550,24.283783636363655,24.1398,27.7856,28.4707,21.4827,13750,0,0,0,4261,0,0,0,0.0,0.0,0.0,0.0
tornado,1100,m,reps_dfp_hopnorm_part,reps_dfp,reps,-reps_partition_entropy,0.5,100000,4,550,45.3056061818182,45.4411,48.3104,50.3426,40.4202,13750,6201,0,0,13570,6201,0,0,45.09818181818182,0.0,45.09818181818182,0.0
tornado,1100,m,reps_dfp_no_hopnorm,reps_dfp,reps,-disable_hop_rtt_normalization,0.5,100000,5,550,24.067632909090914,23.9638,27.5589,28.6581,21.9867,13750,0,0,0,4239,0,0,0,0.0,0.0,0.0,0.0
tornado,1100,m,reps_dfp_hopnorm,reps_dfp,reps,,0.5,100000,5,550,24.067632909090914,23.9638,27.5589,28.6581,21.9867,13750,0,0,0,4239,0,0,0,0.0,0.0,0.0,0.0
tornado,1100,m,reps_dfp_hopnorm_part,reps_dfp,reps,-reps_partition_entropy,0.5,100000,5,550,45.39363036363638,45.5942,48.597,49.3368,39.6251,13750,6179,0,0,13590,6179,0,0,44.93818181818182,0.0,44.93818181818182,0.0
tornado,1100,m,reps_dfp_no_hopnorm,reps_dfp,reps,-disable_hop_rtt_normalization,0.5,500000,1,550,63.012306181818225,62.8136,71.4456,73.1056,56.4805,67650,0,0,0,22811,0,0,0,0.0,0.0,0.0,0.0
tornado,1100,m,reps_dfp_hopnorm,reps_dfp,reps,,0.5,500000,1,550,62.98977527272725,62.6859,71.8269,73.2806,56.6758,67650,0,0,0,22844,0,0,0,0.0,0.0,0.0,0.0
tornado,1100,m,reps_dfp_hopnorm_part,reps_dfp,reps,-reps_partition_entropy,0.5,500000,1,550,107.97730200000004,106.851,136.702,153.851,83.0355,67650,18604,0,0,51841,18604,0,0,27.500369549150037,0.0,27.500369549150037,0.0
tornado,1100,m,reps_dfp_no_hopnorm,reps_dfp,reps,-disable_hop_rtt_normalization,0.5,500000,2,550,62.69725836363638,62.2974,70.5794,71.4667,56.6394,67650,0,0,0,22635,0,0,0,0.0,0.0,0.0,0.0
tornado,1100,m,reps_dfp_hopnorm,reps_dfp,reps,,0.5,500000,2,550,63.1980516363636,62.4373,72.1589,73.4587,56.8141,67650,0,0,0,22710,0,0,0,0.0,0.0,0.0,0.0
tornado,1100,m,reps_dfp_hopnorm_part,reps_dfp,reps,-reps_partition_entropy,0.5,500000,2,550,108.03679818181818,107.21,134.077,142.778,81.4082,67650,18585,0,0,51486,18585,0,0,27.47228381374723,0.0,27.47228381374723,0.0
tornado,1100,m,reps_dfp_no_hopnorm,reps_dfp,reps,-disable_hop_rtt_normalization,0.5,500000,3,550,62.60271163636362,62.4816,68.9013,69.9024,56.9634,67650,0,0,0,22495,0,0,0,0.0,0.0,0.0,0.0
tornado,1100,m,reps_dfp_hopnorm,reps_dfp,reps,,0.5,500000,3,550,63.46078836363633,63.2754,70.4616,71.473,56.6661,67650,0,0,0,22545,0,0,0,0.0,0.0,0.0,0.0
tornado,1100,m,reps_dfp_hopnorm_part,reps_dfp,reps,-reps_partition_entropy,0.5,500000,3,550,108.12296599999999,107.629,131.093,140.313,87.6664,67650,18588,0,0,51585,18588,0,0,27.47671840354767,0.0,27.47671840354767,0.0
tornado,1100,m,reps_dfp_no_hopnorm,reps_dfp,reps,-disable_hop_rtt_normalization,0.5,500000,4,550,63.42576272727264,62.8176,73.2354,74.6891,56.5739,67650,0,0,0,23047,0,0,0,0.0,0.0,0.0,0.0
tornado,1100,m,reps_dfp_hopnorm,reps_dfp,reps,,0.5,500000,4,550,64.09764309090912,63.6154,75.7304,77.2646,56.9685,67650,0,0,0,23064,0,0,0,0.0,0.0,0.0,0.0
tornado,1100,m,reps_dfp_hopnorm_part,reps_dfp,reps,-reps_partition_entropy,0.5,500000,4,550,108.14940763636358,107.71,135.864,138.812,82.7904,67650,18569,0,0,51513,18569,0,0,27.448632668144864,0.0,27.448632668144864,0.0
tornado,1100,m,reps_dfp_no_hopnorm,reps_dfp,reps,-disable_hop_rtt_normalization,0.5,500000,5,550,62.239416727272726,62.0046,69.6246,72.7856,56.2021,67650,0,0,0,22510,0,0,0,0.0,0.0,0.0,0.0
tornado,1100,m,reps_dfp_hopnorm,reps_dfp,reps,,0.5,500000,5,550,62.79129654545451,62.501,70.1387,72.9114,56.1166,67650,0,0,0,22568,0,0,0,0.0,0.0,0.0,0.0
tornado,1100,m,reps_dfp_hopnorm_part,reps_dfp,reps,-reps_partition_entropy,0.5,500000,5,550,108.31420127272723,107.176,133.506,140.794,82.1221,67650,18632,0,0,51425,18632,0,0,27.541759053954177,0.0,27.541759053954177,0.0
tornado,1100,m,reps_dfp_no_hopnorm,reps_dfp,reps,-disable_hop_rtt_normalization,0.5,2000000,1,550,198.4928254545454,199.386,209.345,218.178,183.192,269500,1,0,0,99884,1,0,0,0.00037105751391465676,0.0,0.00037105751391465676,0.0
tornado,1100,m,reps_dfp_hopnorm,reps_dfp,reps,,0.5,2000000,1,550,198.72708545454546,198.942,211.407,213.086,180.637,269500,23,0,0,100357,23,0,0,0.008534322820037106,0.0,0.008534322820037106,0.0
tornado,1100,m,reps_dfp_hopnorm_part,reps_dfp,reps,-reps_partition_entropy,0.5,2000000,1,550,275.1851400000003,274.978,322.331,349.387,225.869,269500,18604,0,0,126677,18604,0,0,6.903153988868275,0.0,6.903153988868275,0.0
tornado,1100,m,reps_dfp_no_hopnorm,reps_dfp,reps,-disable_hop_rtt_normalization,0.5,2000000,2,550,197.22615272727285,195.711,213.883,214.868,184.713,269500,37,0,0,97778,37,0,0,0.013729128014842301,0.0,0.013729128014842301,0.0
tornado,1100,m,reps_dfp_hopnorm,reps_dfp,reps,,0.5,2000000,2,550,197.80179454545444,196.278,214.968,222.853,183.741,269500,11,0,0,99717,11,0,0,0.004081632653061225,0.0,0.004081632653061225,0.0
tornado,1100,m,reps_dfp_hopnorm_part,reps_dfp,reps,-reps_partition_entropy,0.5,2000000,2,550,275.30801272727285,273.846,322.857,348.616,220.979,269500,18585,0,0,126779,18585,0,0,6.896103896103896,0.0,6.896103896103896,0.0
tornado,1100,m,reps_dfp_no_hopnorm,reps_dfp,reps,-disable_hop_rtt_normalization,0.5,2000000,3,550,197.79387818181823,197.942,210.226,212.234,182.4,269500,20,0,0,99396,20,0,0,0.0074211502782931356,0.0,0.0074211502782931356,0.0
tornado,1100,m,reps_dfp_hopnorm,reps_dfp,reps,,0.5,2000000,3,550,198.65109636363627,198.607,211.166,213.521,183.486,269500,14,0,0,100443,14,0,0,0.005194805194805195,0.0,0.005194805194805195,0.0
tornado,1100,m,reps_dfp_hopnorm_part,reps_dfp,reps,-reps_partition_entropy,0.5,2000000,3,550,275.5809599999998,275.13,325.326,339.892,230.926,269500,18588,0,0,126675,18588,0,0,6.89721706864564,0.0,6.89721706864564,0.0
tornado,1100,m,reps_dfp_no_hopnorm,reps_dfp,reps,-disable_hop_rtt_normalization,0.5,2000000,4,550,199.42592000000002,197.46,227.996,236.638,181.241,269500,86,0,0,100240,86,0,0,0.03191094619666048,0.0,0.03191094619666048,0.0
tornado,1100,m,reps_dfp_hopnorm,reps_dfp,reps,,0.5,2000000,4,550,199.80353090909077,198.253,221.698,223.187,184.468,269500,74,0,0,102140,74,0,0,0.027458256029684602,0.0,0.027458256029684602,0.0
tornado,1100,m,reps_dfp_hopnorm_part,reps_dfp,reps,-reps_partition_entropy,0.5,2000000,4,550,275.8361290909092,275.055,324.995,342.132,222.879,269500,18569,0,0,126620,18569,0,0,6.890166975881262,0.0,6.890166975881262,0.0
tornado,1100,m,reps_dfp_no_hopnorm,reps_dfp,reps,-disable_hop_rtt_normalization,0.5,2000000,5,550,197.29639818181812,197.381,211.082,217.384,182.653,269500,12,0,0,98155,12,0,0,0.0044526901669758815,0.0,0.0044526901669758815,0.0
tornado,1100,m,reps_dfp_hopnorm,reps_dfp,reps,,0.5,2000000,5,550,197.81155090909078,197.102,216.708,219.899,182.699,269500,2,0,0,99406,2,0,0,0.0007421150278293135,0.0,0.0007421150278293135,0.0
tornado,1100,m,reps_dfp_hopnorm_part,reps_dfp,reps,-reps_partition_entropy,0.5,2000000,5,550,275.5878654545456,274.454,322.917,337.902,224.868,269500,18632,0,0,126177,18632,0,0,6.913543599257885,0.0,6.913543599257885,0.0
tornado,1100,m,reps_dfp_no_hopnorm,reps_dfp,reps,-disable_hop_rtt_normalization,0.5,10000000,1,550,919.3664872727278,922.06,997.722,1103.89,845.161,1346400,194,0,0,506443,194,0,0,0.014408793820558527,0.0,0.014408793820558527,0.0
tornado,1100,m,reps_dfp_hopnorm,reps_dfp,reps,,0.5,10000000,1,550,922.4948345454543,924.004,984.903,1043.86,845.608,1346400,172,0,0,511884,172,0,0,0.01277480689245395,0.0,0.01277480689245395,0.0
tornado,1100,m,reps_dfp_hopnorm_part,reps_dfp,reps,-reps_partition_entropy,0.5,10000000,1,550,1034.0608818181815,1033.42,1152.01,1184.45,930.545,1346400,18897,0,0,536466,18897,0,0,1.4035204991087344,0.0,1.4035204991087344,0.0
tornado,1100,m,reps_dfp_no_hopnorm,reps_dfp,reps,-disable_hop_rtt_normalization,0.5,10000000,2,550,915.8806563636351,906.788,1063.34,1145.19,855.726,1346400,174,0,0,497573,174,0,0,0.012923351158645277,0.0,0.012923351158645277,0.0
tornado,1100,m,reps_dfp_hopnorm,reps_dfp,reps,,0.5,10000000,2,550,918.3010036363625,910.015,1004.04,1097.4,860.993,1346400,130,0,0,504114,130,0,0,0.009655377302436126,0.0,0.009655377302436126,0.0
tornado,1100,m,reps_dfp_hopnorm_part,reps_dfp,reps,-reps_partition_entropy,0.5,10000000,2,550,1033.1092618181817,1022.33,1194.1,1325.5,949.834,1346400,19025,0,0,533552,19025,0,0,1.413027332144979,0.0,1.413027332144979,0.0
tornado,1100,m,reps_dfp_no_hopnorm,reps_dfp,reps,-disable_hop_rtt_normalization,0.5,10000000,3,550,919.1670218181823,917.53,1006.82,1028.04,853.001,1346400,129,0,0,504979,129,0,0,0.009581105169340463,0.0,0.009581105169340463,0.0
tornado,1100,m,reps_dfp_hopnorm,reps_dfp,reps,,0.5,10000000,3,550,922.5019472727281,922.873,983.425,1029.24,853.764,1346400,112,0,0,512157,112,0,0,0.008318478906714201,0.0,0.008318478906714201,0.0
tornado,1100,m,reps_dfp_hopnorm_part,reps_dfp,reps,-reps_partition_entropy,0.5,10000000,3,550,1036.6772381818184,1034.23,1141.78,1193.95,941.559,1346400,18681,0,0,540662,18681,0,0,1.3874777183600713,0.0,1.3874777183600713,0.0
tornado,1100,m,reps_dfp_no_hopnorm,reps_dfp,reps,-disable_hop_rtt_normalization,0.5,10000000,4,550,922.4289236363625,908.792,1114.05,1183.56,853.622,1346400,481,0,0,502554,481,0,0,0.035724896019013665,0.0,0.035724896019013665,0.0
tornado,1100,m,reps_dfp_hopnorm,reps_dfp,reps,,0.5,10000000,4,550,924.1716127272731,911.138,1078.47,1156.91,851.636,1346400,385,0,0,512560,385,0,0,0.028594771241830064,0.0,0.028594771241830064,0.0
tornado,1100,m,reps_dfp_hopnorm_part,reps_dfp,reps,-reps_partition_entropy,0.5,10000000,4,550,1036.287103636364,1024.41,1231.27,1341.47,938.579,1346400,19043,0,0,537310,19043,0,0,1.4143642305407012,0.0,1.4143642305407012,0.0
tornado,1100,m,reps_dfp_no_hopnorm,reps_dfp,reps,-disable_hop_rtt_normalization,0.5,10000000,5,550,916.7998472727269,913.879,1014.21,1142.77,852.507,1346400,109,0,0,501923,109,0,0,0.008095662507427213,0.0,0.008095662507427213,0.0
tornado,1100,m,reps_dfp_hopnorm,reps_dfp,reps,,0.5,10000000,5,550,919.1089981818182,917.845,996.258,1008.2,853.56,1346400,65,0,0,507625,65,0,0,0.004827688651218063,0.0,0.004827688651218063,0.0
tornado,1100,m,reps_dfp_hopnorm_part,reps_dfp,reps,-reps_partition_entropy,0.5,10000000,5,550,1033.4763145454547,1028.76,1149.03,1213.67,939.721,1346400,18879,0,0,537239,18879,0,0,1.4021836007130124,0.0,1.4021836007130124,0.0
tornado,1100,m,reps_dfp_no_hopnorm,reps_dfp,reps,-disable_hop_rtt_normalization,0.75,100000,1,825,27.378842545454553,27.2576,31.2992,33.1056,23.3107,20625,0,0,0,6733,0,0,0,0.0,0.0,0.0,0.0
tornado,1100,m,reps_dfp_hopnorm,reps_dfp,reps,,0.75,100000,1,825,27.378842545454553,27.2576,31.2992,33.1056,23.3107,20625,0,0,0,6733,0,0,0,0.0,0.0,0.0,0.0
tornado,1100,m,reps_dfp_hopnorm_part,reps_dfp,reps,-reps_partition_entropy,0.75,100000,1,825,46.20734581818178,46.353,49.8338,51.9219,41.5181,20625,16015,0,0,20573,16015,0,0,77.64848484848486,0.0,77.64848484848486,0.0
tornado,1100,m,reps_dfp_no_hopnorm,reps_dfp,reps,-disable_hop_rtt_normalization,0.75,100000,2,825,27.33584884848486,27.1267,33.0907,34.953,23.6307,20625,0,0,0,6730,0,0,0,0.0,0.0,0.0,0.0
tornado,1100,m,reps_dfp_hopnorm,reps_dfp,reps,,0.75,100000,2,825,27.33584884848486,27.1267,33.0907,34.953,23.6307,20625,0,0,0,6730,0,0,0,0.0,0.0,0.0,0.0
tornado,1100,m,reps_dfp_hopnorm_part,reps_dfp,reps,-reps_partition_entropy,0.75,100000,2,825,46.30969648484844,46.5693,50.133,51.8848,41.141,20625,16016,0,0,20579,16016,0,0,77.65333333333334,0.0,77.65333333333334,0.0
tornado,1100,m,reps_dfp_no_hopnorm,reps_dfp,reps,-disable_hop_rtt_normalization,0.75,100000,3,825,27.358802545454566,27.1227,31.4096,32.4296,24.1096,20625,0,0,0,6738,0,0,0,0.0,0.0,0.0,0.0
tornado,1100,m,reps_dfp_hopnorm,reps_dfp,reps,,0.75,100000,3,825,27.358802545454566,27.1227,31.4096,32.4296,24.1096,20625,0,0,0,6738,0,0,0,0.0,0.0,0.0,0.0
tornado,1100,m,reps_dfp_hopnorm_part,reps_dfp,reps,-reps_partition_entropy,0.75,100000,3,825,46.31602666666668,46.5235,50.2235,52.3243,41.3909,20625,15987,0,0,20594,15987,0,0,77.51272727272728,0.0,77.51272727272728,0.0
tornado,1100,m,reps_dfp_no_hopnorm,reps_dfp,reps,-disable_hop_rtt_normalization,0.75,100000,4,825,27.395707878787945,27.2878,31.2736,35.433,24.1216,20625,0,0,0,6730,0,0,0,0.0,0.0,0.0,0.0
tornado,1100,m,reps_dfp_hopnorm,reps_dfp,reps,,0.75,100000,4,825,27.395707878787945,27.2878,31.2736,35.433,24.1216,20625,0,0,0,6730,0,0,0,0.0,0.0,0.0,0.0
tornado,1100,m,reps_dfp_hopnorm_part,reps_dfp,reps,-reps_partition_entropy,0.75,100000,4,825,46.289616606060605,46.6018,50.077,50.7923,41.4454,20625,15998,0,0,20591,15998,0,0,77.5660606060606,0.0,77.5660606060606,0.0
tornado,1100,m,reps_dfp_no_hopnorm,reps_dfp,reps,-disable_hop_rtt_normalization,0.75,100000,5,825,27.55539648484849,27.4376,32.125,33.6277,23.8846,20625,0,0,0,6760,0,0,0,0.0,0.0,0.0,0.0
tornado,1100,m,reps_dfp_hopnorm,reps_dfp,reps,,0.75,100000,5,825,27.55539648484849,27.4376,32.125,33.6277,23.8846,20625,0,0,0,6760,0,0,0,0.0,0.0,0.0,0.0
tornado,1100,m,reps_dfp_hopnorm_part,reps_dfp,reps,-reps_partition_entropy,0.75,100000,5,825,46.39658933333334,46.6768,50.4066,51.4032,40.5872,20625,16066,0,0,20593,16066,0,0,77.89575757575757,0.0,77.89575757575757,0.0
tornado,1100,m,reps_dfp_no_hopnorm,reps_dfp,reps,-disable_hop_rtt_normalization,0.75,500000,1,825,82.44473975757563,82.4147,89.7349,91.0694,72.3141,101475,357,0,0,64066,357,0,0,0.3518107908351811,0.0,0.3518107908351811,0.0
tornado,1100,m,reps_dfp_hopnorm,reps_dfp,reps,,0.75,500000,1,825,82.25629006060602,82.3138,89.2072,90.0691,69.544,101475,338,0,0,63712,338,0,0,0.3330869672333087,0.0,0.3330869672333087,0.0
tornado,1100,m,reps_dfp_hopnorm_part,reps_dfp,reps,-reps_partition_entropy,0.75,500000,1,825,127.47621539393938,126.958,163.01,175.102,99.3952,101475,31916,0,0,77851,31916,0,0,31.452081793545208,0.0,31.452081793545208,0.0
tornado,1100,m,reps_dfp_no_hopnorm,reps_dfp,reps,-disable_hop_rtt_normalization,0.75,500000,2,825,81.98383199999998,81.8195,90.1621,91.5936,72.1597,101475,388,0,0,63459,388,0,0,0.382360187238236,0.0,0.382360187238236,0.0
tornado,1100,m,reps_dfp_hopnorm,reps_dfp,reps,,0.75,500000,2,825,82.15103599999992,82.0096,89.1373,92.8533,73.8138,101475,280,0,0,63575,280,0,0,0.27593003202759303,0.0,0.27593003202759303,0.0
tornado,1100,m,reps_dfp_hopnorm_part,reps_dfp,reps,-reps_partition_entropy,0.75,500000,2,825,126.3815303030303,125.828,159.292,184.105,97.5642,101475,31669,0,0,78303,31669,0,0,31.208672086720867,0.0,31.208672086720867,0.0
tornado,1100,m,reps_dfp_no_hopnorm,reps_dfp,reps,-disable_hop_rtt_normalization,0.75,500000,3,825,81.85225199999996,81.8674,89.8011,90.8427,70.4091,101475,227,0,0,62947,227,0,0,0.22370041882237005,0.0,0.22370041882237005,0.0
tornado,1100,m,reps_dfp_hopnorm,reps_dfp,reps,,0.75,500000,3,825,81.99294242424236,82.0736,89.5864,92.2424,70.837,101475,231,0,0,63173,231,0,0,0.22764227642276422,0.0,0.22764227642276422,0.0
tornado,1100,m,reps_dfp_hopnorm_part,reps_dfp,reps,-reps_partition_entropy,0.75,500000,3,825,127.34429842424235,126.27,166.196,183.715,96.0448,101475,31862,0,0,77254,31862,0,0,31.398866715939885,0.0,31.398866715939885,0.0
tornado,1100,m,reps_dfp_no_hopnorm,reps_dfp,reps,-disable_hop_rtt_normalization,0.75,500000,4,825,82.29910242424228,82.4346,88.9714,91.4154,71.6902,101475,349,0,0,63078,349,0,0,0.34392707563439273,0.0,0.34392707563439273,0.0
tornado,1100,m,reps_dfp_hopnorm,reps_dfp,reps,,0.75,500000,4,825,82.36180218181815,82.4016,89.9547,93.2595,72.0842,101475,290,0,0,63499,290,0,0,0.2857846760285785,0.0,0.2857846760285785,0.0
tornado,1100,m,reps_dfp_hopnorm_part,reps_dfp,reps,-reps_partition_entropy,0.75,500000,4,825,127.13786072727282,126.59,161.315,180.558,96.4291,101475,31908,0,0,77899,31908,0,0,31.44419807834442,0.0,31.44419807834442,0.0
tornado,1100,m,reps_dfp_no_hopnorm,reps_dfp,reps,-disable_hop_rtt_normalization,0.75,500000,5,825,82.12119357575753,81.9994,89.4701,91.0602,72.1549,101475,422,0,0,63673,422,0,0,0.4158659768415866,0.0,0.4158659768415866,0.0
tornado,1100,m,reps_dfp_hopnorm,reps_dfp,reps,,0.75,500000,5,825,81.83593903030295,81.9424,89.7973,92.1213,72.3206,101475,405,0,0,63596,405,0,0,0.3991130820399113,0.0,0.3991130820399113,0.0
tornado,1100,m,reps_dfp_hopnorm_part,reps_dfp,reps,-reps_partition_entropy,0.75,500000,5,825,127.52622412121201,126.352,161.974,180.963,96.9693,101475,31889,0,0,77709,31889,0,0,31.425474254742547,0.0,31.425474254742547,0.0
tornado,1100,m,reps_dfp_no_hopnorm,reps_dfp,reps,-disable_hop_rtt_normalization,0.75,2000000,1,825,272.2868096969699,270.595,340.438,377.968,208.363,404250,1110,0,0,225767,1110,0,0,0.274582560296846,0.0,0.274582560296846,0.0
tornado,1100,m,reps_dfp_hopnorm,reps_dfp,reps,,0.75,2000000,1,825,262.3426254545452,254.841,350.409,384.759,215.45,404250,1136,0,0,243741,1136,0,0,0.2810142238713667,0.0,0.2810142238713667,0.0
tornado,1100,m,reps_dfp_hopnorm_part,reps_dfp,reps,-reps_partition_entropy,0.75,2000000,1,825,332.02599878787896,332.611,384.991,413.797,266.514,404250,31927,0,0,213225,31927,0,0,7.897835497835498,0.0,7.897835497835498,0.0
tornado,1100,m,reps_dfp_no_hopnorm,reps_dfp,reps,-disable_hop_rtt_normalization,0.75,2000000,2,825,271.16169939393944,268.681,349.557,389.137,211.337,404250,1143,0,0,225581,1143,0,0,0.28274582560296846,0.0,0.28274582560296846,0.0
tornado,1100,m,reps_dfp_hopnorm,reps_dfp,reps,,0.75,2000000,2,825,259.9361393939393,253.149,349.892,379.432,218.495,404250,1076,0,0,245085,1076,0,0,0.26617192331478046,0.0,0.26617192331478046,0.0
tornado,1100,m,reps_dfp_hopnorm_part,reps_dfp,reps,-reps_partition_entropy,0.75,2000000,2,825,328.944786666667,329.251,378.878,410.862,270.871,404250,31669,0,0,212463,31669,0,0,7.834013605442177,0.0,7.834013605442177,0.0
tornado,1100,m,reps_dfp_no_hopnorm,reps_dfp,reps,-disable_hop_rtt_normalization,0.75,2000000,3,825,270.9498278787874,268.987,347.506,368.184,208.593,404250,1162,0,0,224762,1162,0,0,0.28744588744588745,0.0,0.28744588744588745,0.0
tornado,1100,m,reps_dfp_hopnorm,reps_dfp,reps,,0.75,2000000,3,825,261.7164812121213,254.686,348.212,376.559,214.66,404250,1198,0,0,243232,1198,0,0,0.2963512677798392,0.0,0.2963512677798392,0.0
tornado,1100,m,reps_dfp_hopnorm_part,reps_dfp,reps,-reps_partition_entropy,0.75,2000000,3,825,331.21027636363624,330.606,391.896,412.003,260.482,404250,31873,0,0,210839,31873,0,0,7.88447742733457,0.0,7.88447742733457,0.0
tornado,1100,m,reps_dfp_no_hopnorm,reps_dfp,reps,-disable_hop_rtt_normalization,0.75,2000000,4,825,272.40945333333326,269.664,351.592,389.878,205.536,404250,1131,0,0,225040,1131,0,0,0.2797773654916512,0.0,0.2797773654916512,0.0
tornado,1100,m,reps_dfp_hopnorm,reps_dfp,reps,,0.75,2000000,4,825,260.97100484848465,251.227,360.481,405.396,216.129,404250,1023,0,0,246255,1023,0,0,0.2530612244897959,0.0,0.2530612244897959,0.0
tornado,1100,m,reps_dfp_hopnorm_part,reps_dfp,reps,-reps_partition_entropy,0.75,2000000,4,825,330.310326060606,330.423,385.29,430.567,266.899,404250,31910,0,0,211470,31910,0,0,7.893630179344465,0.0,7.893630179344465,0.0
tornado,1100,m,reps_dfp_no_hopnorm,reps_dfp,reps,-disable_hop_rtt_normalization,0.75,2000000,5,825,270.64399999999983,267.197,347.881,377.839,208.166,404250,1276,0,0,225378,1276,0,0,0.31564625850340133,0.0,0.31564625850340133,0.0
tornado,1100,m,reps_dfp_hopnorm,reps_dfp,reps,,0.75,2000000,5,825,261.9213587878784,252.403,356.076,418.308,215.206,404250,1163,0,0,243567,1163,0,0,0.2876932591218305,0.0,0.2876932591218305,0.0
tornado,1100,m,reps_dfp_hopnorm_part,reps_dfp,reps,-reps_partition_entropy,0.75,2000000,5,825,330.4955224242421,330.107,388.491,417.333,265.762,404250,31915,0,0,211471,31915,0,0,7.894867037724181,0.0,7.894867037724181,0.0
tornado,1100,m,reps_dfp_no_hopnorm,reps_dfp,reps,-disable_hop_rtt_normalization,0.75,10000000,1,825,1242.5800557575762,1242.06,1458.69,1520.42,972.686,2019600,1540,0,0,1059611,1540,0,0,0.07625272331154684,0.0,0.07625272331154684,0.0
tornado,1100,m,reps_dfp_hopnorm,reps_dfp,reps,,0.75,10000000,1,825,1214.5015187878796,1210.57,1487.01,1566.48,983.793,2019600,1595,0,0,1114735,1595,0,0,0.0789760348583878,0.0,0.0789760348583878,0.0
tornado,1100,m,reps_dfp_hopnorm_part,reps_dfp,reps,-reps_partition_entropy,0.75,10000000,1,825,1315.1213575757572,1306.62,1577.92,1675.25,1073.25,2019600,32882,0,0,1068102,32882,0,0,1.6281441869677165,0.0,1.6281441869677165,0.0
tornado,1100,m,reps_dfp_no_hopnorm,reps_dfp,reps,-disable_hop_rtt_normalization,0.75,10000000,2,825,1237.9262036363632,1235.78,1464.65,1546.35,990.333,2019600,1587,0,0,1056407,1587,0,0,0.07857991681521093,0.0,0.07857991681521093,0.0
tornado,1100,m,reps_dfp_hopnorm,reps_dfp,reps,,0.75,10000000,2,825,1210.9260484848492,1200.67,1495.42,1623.68,1005.08,2019600,1578,0,0,1124165,1578,0,0,0.07813428401663695,0.0,0.07813428401663695,0.0
tornado,1100,m,reps_dfp_hopnorm_part,reps_dfp,reps,-reps_partition_entropy,0.75,10000000,2,825,1307.7917333333346,1303.19,1554.17,1910.02,1081.63,2019600,32488,0,0,1062478,32488,0,0,1.6086353733412557,0.0,1.6086353733412557,0.0
tornado,1100,m,reps_dfp_no_hopnorm,reps_dfp,reps,-disable_hop_rtt_normalization,0.75,10000000,3,825,1235.5341236363638,1235.05,1481.44,1527.65,959.476,2019600,1555,0,0,1046516,1555,0,0,0.07699544464250346,0.0,0.07699544464250346,0.0
tornado,1100,m,reps_dfp_hopnorm,reps_dfp,reps,,0.75,10000000,3,825,1211.5021018181824,1202.97,1492.79,1598.99,984.263,2019600,1621,0,0,1111986,1621,0,0,0.08026341849871262,0.0,0.08026341849871262,0.0
tornado,1100,m,reps_dfp_hopnorm_part,reps_dfp,reps,-reps_partition_entropy,0.75,10000000,3,825,1314.328981818181,1315.96,1597.45,1796.77,1024.65,2019600,32883,0,0,1056271,32883,0,0,1.6281937017231134,0.0,1.6281937017231134,0.0
tornado,1100,m,reps_dfp_no_hopnorm,reps_dfp,reps,-disable_hop_rtt_normalization,0.75,10000000,4,825,1237.5955284848483,1240.37,1484.39,1541.89,966.936,2019600,1662,0,0,1051176,1662,0,0,0.08229352346999406,0.0,0.08229352346999406,0.0
tornado,1100,m,reps_dfp_hopnorm,reps_dfp,reps,,0.75,10000000,4,825,1211.5865418181806,1200.41,1552.12,1625.54,987.637,2019600,1532,0,0,1122029,1532,0,0,0.07585660526836997,0.0,0.07585660526836997,0.0
tornado,1100,m,reps_dfp_hopnorm_part,reps_dfp,reps,-reps_partition_entropy,0.75,10000000,4,825,1310.4632969696975,1302.55,1603.3,1776.86,1060.93,2019600,32606,0,0,1064813,32606,0,0,1.6144781144781144,0.0,1.6144781144781144,0.0
tornado,1100,m,reps_dfp_no_hopnorm,reps_dfp,reps,-disable_hop_rtt_normalization,0.75,10000000,5,825,1233.1737442424244,1231.98,1473.12,1577.53,985.457,2019600,1760,0,0,1053300,1760,0,0,0.08714596949891068,0.0,0.08714596949891068,0.0
tornado,1100,m,reps_dfp_hopnorm,reps_dfp,reps,,0.75,10000000,5,825,1209.7040496969696,1198.41,1508.32,1716.79,974.959,2019600,1439,0,0,1115309,1439,0,0,0.0712517330164389,0.0,0.0712517330164389,0.0
tornado,1100,m,reps_dfp_hopnorm_part,reps_dfp,reps,-reps_partition_entropy,0.75,10000000,5,825,1310.9156242424237,1306.08,1579.99,1711.76,1082.74,2019600,32859,0,0,1060347,32859,0,0,1.6270053475935828,0.0,1.6270053475935828,0.0
tornado,1100,m,reps_dfp_no_hopnorm,reps_dfp,reps,-disable_hop_rtt_normalization,1.0,100000,1,1100,31.26178300000006,31.0896,37.0776,38.7136,26.9456,27500,0,0,0,10410,0,0,0,0.0,0.0,0.0,0.0
tornado,1100,m,reps_dfp_hopnorm,reps_dfp,reps,,1.0,100000,1,1100,31.26178300000006,31.0896,37.0776,38.7136,26.9456,27500,0,0,0,10410,0,0,0,0.0,0.0,0.0,0.0
tornado,1100,m,reps_dfp_hopnorm_part,reps_dfp,reps,-reps_partition_entropy,1.0,100000,1,1100,47.51432118181819,47.6848,52.6147,56.0702,40.6635,27500,25676,0,0,27487,25676,0,0,93.36727272727273,0.0,93.36727272727273,0.0
tornado,1100,m,reps_dfp_no_hopnorm,reps_dfp,reps,-disable_hop_rtt_normalization,1.0,100000,2,1100,31.42085436363637,31.3678,35.261,36.5514,27.4598,27500,0,0,0,10516,0,0,0,0.0,0.0,0.0,0.0
tornado,1100,m,reps_dfp_hopnorm,reps_dfp,reps,,1.0,100000,2,1100,31.42085436363637,31.3678,35.261,36.5514,27.4598,27500,0,0,0,10516,0,0,0,0.0,0.0,0.0,0.0
tornado,1100,m,reps_dfp_hopnorm_part,reps_dfp,reps,-reps_partition_entropy,1.0,100000,2,1100,47.649895090909105,47.8971,52.3256,53.2565,41.495,27500,25686,0,0,27477,25686,0,0,93.40363636363637,0.0,93.40363636363637,0.0
tornado,1100,m,reps_dfp_no_hopnorm,reps_dfp,reps,-disable_hop_rtt_normalization,1.0,100000,3,1100,31.50976281818179,31.4267,35.443,36.8816,27.133,27500,0,0,0,10485,0,0,0,0.0,0.0,0.0,0.0
tornado,1100,m,reps_dfp_hopnorm,reps_dfp,reps,,1.0,100000,3,1100,31.50976281818179,31.4267,35.443,36.8816,27.133,27500,0,0,0,10485,0,0,0,0.0,0.0,0.0,0.0
tornado,1100,m,reps_dfp_hopnorm_part,reps_dfp,reps,-reps_partition_entropy,1.0,100000,3,1100,47.571713727272716,47.8797,52.5363,60.5973,40.7762,27500,25614,0,0,27489,25614,0,0,93.14181818181818,0.0,93.14181818181818,0.0
tornado,1100,m,reps_dfp_no_hopnorm,reps_dfp,reps,-disable_hop_rtt_normalization,1.0,100000,4,1100,31.390281181818203,31.2707,35.9256,37.097,26.9576,27500,0,0,0,10431,0,0,0,0.0,0.0,0.0,0.0
tornado,1100,m,reps_dfp_hopnorm,reps_dfp,reps,,1.0,100000,4,1100,31.390281181818203,31.2707,35.9256,37.097,26.9576,27500,0,0,0,10431,0,0,0,0.0,0.0,0.0,0.0
tornado,1100,m,reps_dfp_hopnorm_part,reps_dfp,reps,-reps_partition_entropy,1.0,100000,4,1100,47.628011636363624,47.9173,52.785,54.2931,41.7891,27500,25688,0,0,27486,25688,0,0,93.41090909090909,0.0,93.41090909090909,0.0
tornado,1100,m,reps_dfp_no_hopnorm,reps_dfp,reps,-disable_hop_rtt_normalization,1.0,100000,5,1100,31.322360272727277,31.0896,35.9096,36.9176,27.4478,27500,0,0,0,10371,0,0,0,0.0,0.0,0.0,0.0
tornado,1100,m,reps_dfp_hopnorm,reps_dfp,reps,,1.0,100000,5,1100,31.322360272727277,31.0896,35.9096,36.9176,27.4478,27500,0,0,0,10371,0,0,0,0.0,0.0,0.0,0.0
tornado,1100,m,reps_dfp_hopnorm_part,reps_dfp,reps,-reps_partition_entropy,1.0,100000,5,1100,47.66224136363633,47.8848,52.6029,53.5142,41.9126,27500,25683,0,0,27481,25683,0,0,93.39272727272727,0.0,93.39272727272727,0.0
tornado,1100,m,reps_dfp_no_hopnorm,reps_dfp,reps,-disable_hop_rtt_normalization,1.0,500000,1,1100,98.51170509090912,98.4797,104.185,106.153,89.8674,135300,3235,0,0,113489,3235,0,0,2.3909830007390984,0.0,2.3909830007390984,0.0
tornado,1100,m,reps_dfp_hopnorm,reps_dfp,reps,,1.0,500000,1,1100,98.28042081818178,98.3229,104.077,105.093,89.6102,135300,3205,0,0,113239,3205,0,0,2.368810051736881,0.0,2.368810051736881,0.0
tornado,1100,m,reps_dfp_hopnorm_part,reps_dfp,reps,-reps_partition_entropy,1.0,500000,1,1100,149.4285918181819,145.407,188.273,211.957,111.272,135300,45422,0,0,103060,45422,0,0,33.57132298595713,0.0,33.57132298595713,0.0
tornado,1100,m,reps_dfp_no_hopnorm,reps_dfp,reps,-disable_hop_rtt_normalization,1.0,500000,2,1100,98.34795499999984,98.3851,104.076,105.917,90.0936,135300,3067,0,0,113300,3067,0,0,2.2668144863266813,0.0,2.2668144863266813,0.0
tornado,1100,m,reps_dfp_hopnorm,reps_dfp,reps,,1.0,500000,2,1100,98.24032281818185,98.3232,103.123,104.744,88.8512,135300,3036,0,0,113141,3036,0,0,2.2439024390243905,0.0,2.2439024390243905,0.0
tornado,1100,m,reps_dfp_hopnorm_part,reps_dfp,reps,-reps_partition_entropy,1.0,500000,2,1100,148.6952936363635,143.945,192.021,216.387,109.14,135300,45364,0,0,102785,45364,0,0,33.52845528455285,0.0,33.52845528455285,0.0
tornado,1100,m,reps_dfp_no_hopnorm,reps_dfp,reps,-disable_hop_rtt_normalization,1.0,500000,3,1100,98.82052872727263,98.8926,104.39,106.615,88.0232,135300,3314,0,0,112914,3314,0,0,2.449371766444937,0.0,2.449371766444937,0.0
tornado,1100,m,reps_dfp_hopnorm,reps_dfp,reps,,1.0,500000,3,1100,98.65506081818191,98.8096,104.127,106.469,89.445,135300,3258,0,0,113071,3258,0,0,2.4079822616407984,0.0,2.4079822616407984,0.0
tornado,1100,m,reps_dfp_hopnorm_part,reps_dfp,reps,-reps_partition_entropy,1.0,500000,3,1100,149.4228372727272,144.677,194.982,217.504,105.648,135300,45384,0,0,102630,45384,0,0,33.54323725055433,0.0,33.54323725055433,0.0
tornado,1100,m,reps_dfp_no_hopnorm,reps_dfp,reps,-disable_hop_rtt_normalization,1.0,500000,4,1100,98.11843400000004,98.256,103.904,105.36,89.0779,135300,3121,0,0,112771,3121,0,0,2.3067257945306725,0.0,2.3067257945306725,0.0
tornado,1100,m,reps_dfp_hopnorm,reps_dfp,reps,,1.0,500000,4,1100,98.54824318181822,98.6914,104.244,107.0,90.3525,135300,3212,0,0,112592,3212,0,0,2.3739837398373984,0.0,2.3739837398373984,0.0
tornado,1100,m,reps_dfp_hopnorm_part,reps_dfp,reps,-reps_partition_entropy,1.0,500000,4,1100,149.03278454545458,144.393,192.746,205.474,101.357,135300,45513,0,0,102950,45513,0,0,33.63858093126386,0.0,33.63858093126386,0.0
tornado,1100,m,reps_dfp_no_hopnorm,reps_dfp,reps,-disable_hop_rtt_normalization,1.0,500000,5,1100,98.68896000000012,98.7712,104.34,106.194,86.8741,135300,3093,0,0,112762,3093,0,0,2.286031042128603,0.0,2.286031042128603,0.0
tornado,1100,m,reps_dfp_hopnorm,reps_dfp,reps,,1.0,500000,5,1100,98.75495999999995,98.821,105.179,106.852,89.0928,135300,3082,0,0,112970,3082,0,0,2.27790096082779,0.0,2.27790096082779,0.0
tornado,1100,m,reps_dfp_hopnorm_part,reps_dfp,reps,-reps_partition_entropy,1.0,500000,5,1100,148.9755336363639,144.28,192.991,207.887,112.677,135300,45350,0,0,102835,45350,0,0,33.51810790835181,0.0,33.51810790835181,0.0
tornado,1100,m,reps_dfp_no_hopnorm,reps_dfp,reps,-disable_hop_rtt_normalization,1.0,2000000,1,1100,349.47335636363636,347.364,432.935,485.565,268.017,539000,3769,0,0,334149,3769,0,0,0.6992578849721707,0.0,0.6992578849721707,0.0
tornado,1100,m,reps_dfp_hopnorm,reps_dfp,reps,,1.0,2000000,1,1100,341.96858727272695,338.847,451.652,555.359,236.538,539000,4012,0,0,338131,4012,0,0,0.7443413729128014,0.0,0.7443413729128014,0.0
tornado,1100,m,reps_dfp_hopnorm_part,reps_dfp,reps,-reps_partition_entropy,1.0,2000000,1,1100,391.660747272727,389.642,456.22,476.671,299.576,539000,45594,0,0,336664,45594,0,0,8.45899814471243,0.0,8.45899814471243,0.0
tornado,1100,m,reps_dfp_no_hopnorm,reps_dfp,reps,-disable_hop_rtt_normalization,1.0,2000000,2,1100,349.15570818181817,348.566,430.235,463.859,269.096,539000,3671,0,0,334220,3671,0,0,0.6810760667903525,0.0,0.6810760667903525,0.0
tornado,1100,m,reps_dfp_hopnorm,reps_dfp,reps,,1.0,2000000,2,1100,343.20103454545495,340.325,453.654,473.778,248.424,539000,3941,0,0,341054,3941,0,0,0.7311688311688311,0.0,0.7311688311688311,0.0
tornado,1100,m,reps_dfp_hopnorm_part,reps_dfp,reps,-reps_partition_entropy,1.0,2000000,2,1100,389.33910000000014,385.829,457.915,475.026,302.716,539000,45522,0,0,334515,45522,0,0,8.445640074211504,0.0,8.445640074211504,0.0
tornado,1100,m,reps_dfp_no_hopnorm,reps_dfp,reps,-disable_hop_rtt_normalization,1.0,2000000,3,1100,348.69178454545494,348.545,434.268,475.16,247.286,539000,3834,0,0,334550,3834,0,0,0.7113172541743971,0.0,0.7113172541743971,0.0
tornado,1100,m,reps_dfp_hopnorm,reps_dfp,reps,,1.0,2000000,3,1100,342.77342636363636,341.346,448.43,492.324,248.282,539000,4215,0,0,338202,4215,0,0,0.7820037105751392,0.0,0.7820037105751392,0.0
tornado,1100,m,reps_dfp_hopnorm_part,reps_dfp,reps,-reps_partition_entropy,1.0,2000000,3,1100,391.18903818181735,386.379,457.756,486.734,294.469,539000,45490,0,0,334594,45490,0,0,8.439703153988868,0.0,8.439703153988868,0.0
tornado,1100,m,reps_dfp_no_hopnorm,reps_dfp,reps,-disable_hop_rtt_normalization,1.0,2000000,4,1100,348.65956545454566,347.292,441.956,515.169,264.531,539000,3793,0,0,333887,3793,0,0,0.7037105751391466,0.0,0.7037105751391466,0.0
tornado,1100,m,reps_dfp_hopnorm,reps_dfp,reps,,1.0,2000000,4,1100,341.99214545454527,339.76,442.927,490.126,231.663,539000,4212,0,0,336798,4212,0,0,0.7814471243042672,0.0,0.7814471243042672,0.0
tornado,1100,m,reps_dfp_hopnorm_part,reps_dfp,reps,-reps_partition_entropy,1.0,2000000,4,1100,390.360880909091,386.82,457.789,479.709,286.043,539000,45706,0,0,334687,45706,0,0,8.479777365491652,0.0,8.479777365491652,0.0
tornado,1100,m,reps_dfp_no_hopnorm,reps_dfp,reps,-disable_hop_rtt_normalization,1.0,2000000,5,1100,348.98239909090904,347.248,430.35,490.588,242.479,539000,3687,0,0,332131,3687,0,0,0.6840445269016697,0.0,0.6840445269016697,0.0
tornado,1100,m,reps_dfp_hopnorm,reps_dfp,reps,,1.0,2000000,5,1100,342.8986399999998,339.853,468.486,534.764,233.418,539000,4020,0,0,337115,4020,0,0,0.7458256029684601,0.0,0.7458256029684601,0.0
tornado,1100,m,reps_dfp_hopnorm_part,reps_dfp,reps,-reps_partition_entropy,1.0,2000000,5,1100,390.50118636363646,386.598,458.992,477.579,301.198,539000,45571,0,0,333774,45571,0,0,8.454730983302412,0.0,8.454730983302412,0.0
tornado,1100,m,reps_dfp_no_hopnorm,reps_dfp,reps,-disable_hop_rtt_normalization,1.0,10000000,1,1100,1585.5506636363643,1590.14,1858.19,2005.04,1288.43,2692800,4109,0,0,1725637,4109,0,0,0.15259209744503863,0.0,0.15259209744503863,0.0
tornado,1100,m,reps_dfp_hopnorm,reps_dfp,reps,,1.0,10000000,1,1100,1553.243554545454,1548.01,1889.61,2046.58,1165.1,2692800,4372,0,0,1735506,4372,0,0,0.16235888294711825,0.0,0.16235888294711825,0.0
tornado,1100,m,reps_dfp_hopnorm_part,reps_dfp,reps,-reps_partition_entropy,1.0,10000000,1,1100,1621.4692909090898,1628.99,1918.05,2167.8,1192.18,2692800,46451,0,0,1719849,46451,0,0,1.7250074272133096,0.0,1.7250074272133096,0.0
tornado,1100,m,reps_dfp_no_hopnorm,reps_dfp,reps,-disable_hop_rtt_normalization,1.0,10000000,2,1100,1580.9853545454562,1585.99,1838.74,1972.73,1241.06,2692800,4091,0,0,1729886,4091,0,0,0.15192364824717766,0.0,0.15192364824717766,0.0
tornado,1100,m,reps_dfp_hopnorm,reps_dfp,reps,,1.0,10000000,2,1100,1554.2798636363643,1553.91,1916.45,2054.62,1135.36,2692800,4247,0,0,1737582,4247,0,0,0.15771687462863934,0.0,0.15771687462863934,0.0
tornado,1100,m,reps_dfp_hopnorm_part,reps_dfp,reps,-reps_partition_entropy,1.0,10000000,2,1100,1612.8137090909077,1618.07,1972.64,2262.37,1217.48,2692800,46567,0,0,1710224,46567,0,0,1.729315210932858,0.0,1.729315210932858,0.0
tornado,1100,m,reps_dfp_no_hopnorm,reps_dfp,reps,-disable_hop_rtt_normalization,1.0,10000000,3,1100,1579.5711818181812,1588.18,1820.99,1931.19,1170.26,2692800,4389,0,0,1725980,4389,0,0,0.16299019607843138,0.0,0.16299019607843138,0.0
tornado,1100,m,reps_dfp_hopnorm,reps_dfp,reps,,1.0,10000000,3,1100,1553.6797272727288,1554.85,1889.97,2087.76,1200.01,2692800,4517,0,0,1728397,4517,0,0,0.16774361259655376,0.0,0.16774361259655376,0.0
tornado,1100,m,reps_dfp_hopnorm_part,reps_dfp,reps,-reps_partition_entropy,1.0,10000000,3,1100,1622.6331090909116,1626.68,1949.91,2095.46,1161.4,2692800,46329,0,0,1716451,46329,0,0,1.7204768270944741,0.0,1.7204768270944741,0.0
tornado,1100,m,reps_dfp_no_hopnorm,reps_dfp,reps,-disable_hop_rtt_normalization,1.0,10000000,4,1100,1576.3355090909085,1580.14,1823.81,1930.1,1252.51,2692800,4239,0,0,1722534,4239,0,0,0.15741978609625668,0.0,0.15741978609625668,0.0
tornado,1100,m,reps_dfp_hopnorm,reps_dfp,reps,,1.0,10000000,4,1100,1552.9885363636367,1555.01,1879.57,2054.04,1084.39,2692800,4521,0,0,1733603,4521,0,0,0.16789215686274508,0.0,0.16789215686274508,0.0
tornado,1100,m,reps_dfp_hopnorm_part,reps_dfp,reps,-reps_partition_entropy,1.0,10000000,4,1100,1614.4320363636352,1622.09,1957.08,2106.26,1206.11,2692800,46565,0,0,1713273,46565,0,0,1.7292409387997623,0.0,1.7292409387997623,0.0
tornado,1100,m,reps_dfp_no_hopnorm,reps_dfp,reps,-disable_hop_rtt_normalization,1.0,10000000,5,1100,1581.4963636363652,1585.1,1815.4,2174.0,1226.56,2692800,4306,0,0,1715720,4306,0,0,0.15990790255496137,0.0,0.15990790255496137,0.0
tornado,1100,m,reps_dfp_hopnorm,reps_dfp,reps,,1.0,10000000,5,1100,1551.223590909092,1548.25,1905.16,2102.23,1129.44,2692800,4439,0,0,1726132,4439,0,0,0.16484699940582292,0.0,0.16484699940582292,0.0
tornado,1100,m,reps_dfp_hopnorm_part,reps_dfp,reps,-reps_partition_entropy,1.0,10000000,5,1100,1615.206490909091,1625.6,1944.8,2071.4,1179.57,2692800,46534,0,0,1704501,46534,0,0,1.7280897207367796,0.0,1.7280897207367796,0.0
