pattern,nodes,size,strat_label,strat,load_balancing_algo,load_fraction,flowsize,seed,n_flows,fct_mean,fct_p50,fct_p99,fct_max,fct_min,new,rtx,rts,bounced,acks,nacks,pulls,sleek_pkts,rtx_rate_pct,rts_rate_pct,nack_rate_pct,bounced_rate_pct
tornado,1024,m,fpar,fpar,oblivious,0.25,20000,1,256,23.14886953125,15.864,244.546,585.682,12.9792,1280,50,0,0,580,0,0,0,3.90625,0.0,0.0,0.0
tornado,1024,m,reps_dfp,reps_dfp,reps,0.25,20000,1,256,24.072996874999987,16.1616,131.575,244.546,12.9792,1280,65,0,0,593,0,0,0,5.078125,0.0,0.0,0.0
tornado,1024,m,fpar,fpar,oblivious,0.25,20000,2,256,28.918212500000003,16.1616,700.95,814.882,12.9792,1280,65,0,0,585,0,0,0,5.078125,0.0,0.0,0.0
tornado,1024,m,reps_dfp,reps_dfp,reps,0.25,20000,2,256,21.025945312499992,16.8944,128.614,242.179,12.9792,1280,35,0,0,575,0,0,0,2.734375,0.0,0.0,0.0
tornado,1024,m,fpar,fpar,oblivious,0.25,20000,3,256,17.328359375,15.864,22.664,242.223,12.9792,1280,8,0,0,571,0,0,0,0.625,0.0,0.0,0.0
tornado,1024,m,reps_dfp,reps_dfp,reps,0.25,20000,3,256,21.084923828124985,16.9288,131.278,355.818,12.9792,1280,35,0,0,602,0,0,0,2.734375,0.0,0.0,0.0
tornado,1024,m,fpar,fpar,oblivious,0.25,20000,4,256,30.556917578124995,16.1616,472.082,1962.21,12.9792,1280,73,0,0,577,0,0,0,5.703125,0.0,0.0,0.0
tornado,1024,m,reps_dfp,reps_dfp,reps,0.25,20000,4,256,21.13384999999999,16.1616,129.946,131.278,12.9792,1280,30,0,0,590,0,0,0,2.34375,0.0,0.0,0.0
tornado,1024,m,fpar,fpar,oblivious,0.25,20000,5,256,23.2715171875,15.864,243.184,700.95,12.9792,1280,46,0,0,573,0,0,0,3.59375,0.0,0.0,0.0
tornado,1024,m,reps_dfp,reps_dfp,reps,0.25,20000,5,256,20.141994140624977,16.8944,128.174,128.614,12.9792,1280,27,0,0,594,0,0,0,2.109375,0.0,0.0,0.0
tornado,1024,m,fpar,fpar,oblivious,0.25,100000,1,256,53.897589062499996,35.3987,480.685,932.47,19.4816,6400,996,0,0,4173,769,0,0,15.5625,0.0,12.015625,0.0
tornado,1024,m,reps_dfp,reps_dfp,reps,0.25,100000,1,256,44.99022343750001,35.5776,137.911,250.2,19.4816,6400,887,0,0,4311,688,0,0,13.859375,0.0,10.75,0.0
tornado,1024,m,fpar,fpar,oblivious,0.25,100000,2,256,143.86272265624999,35.5776,4723.79,8955.95,19.4816,6400,1538,10,0,4611,1029,0,0,24.03125,0.15625,16.078125,0.0
tornado,1024,m,reps_dfp,reps_dfp,reps,0.25,100000,2,256,43.485214062500035,35.4227,138.25,254.235,19.4816,6400,762,1,0,4431,609,0,0,11.90625,0.015625,9.515625,0.0
tornado,1024,m,fpar,fpar,oblivious,0.25,100000,3,256,43.613595312500024,35.4227,164.807,376.104,19.4816,6400,1001,0,0,4364,930,0,0,15.640625,0.0,14.53125,0.0
tornado,1024,m,reps_dfp,reps_dfp,reps,0.25,100000,3,256,45.93031640625,36.2416,137.591,149.994,19.4816,6400,1161,0,0,4498,1066,0,0,18.140625,0.0,16.65625,0.0
tornado,1024,m,fpar,fpar,oblivious,0.25,100000,4,256,64.11462421875,35.3987,593.654,3301.29,19.4816,6400,1163,8,0,4231,914,0,0,18.171875,0.125,14.28125,0.0
tornado,1024,m,reps_dfp,reps_dfp,reps,0.25,100000,4,256,44.27671953125001,35.4227,137.586,249.522,19.4816,6400,773,1,0,4197,653,0,0,12.078125,0.015625,10.203125,0.0
tornado,1024,m,fpar,fpar,oblivious,0.25,100000,5,256,56.45175234375002,35.3987,703.798,1988.94,19.4816,6400,991,2,0,4281,748,0,0,15.484375,0.03125,11.6875,0.0
tornado,1024,m,reps_dfp,reps_dfp,reps,0.25,100000,5,256,46.87281601562501,35.5776,140.234,147.764,19.4816,6400,1204,0,0,4411,1063,0,0,18.8125,0.0,16.609375,0.0
tornado,1024,m,fpar,fpar,oblivious,0.25,500000,1,256,209.51453749999993,138.617,1206.73,13134.5,51.9834,31488,5734,29,0,25113,4939,0,0,18.210111788617887,0.09209857723577236,15.685340447154472,0.0
tornado,1024,m,reps_dfp,reps_dfp,reps,0.25,500000,1,256,144.985776171875,135.423,341.914,448.207,51.9834,31488,5663,22,0,27323,5100,0,0,17.98462906504065,0.06986788617886179,16.196646341463413,0.0
tornado,1024,m,fpar,fpar,oblivious,0.25,500000,2,256,551.02311953125,153.551,9626.53,41164.5,51.9834,31488,7987,185,0,26603,5602,0,0,25.365218495934958,0.587525406504065,17.790904471544714,0.0
tornado,1024,m,reps_dfp,reps_dfp,reps,0.25,500000,2,256,143.4224546874999,138.521,298.725,331.566,51.9834,31488,5760,20,0,27079,5376,0,0,18.29268292682927,0.06351626016260163,17.073170731707318,0.0
tornado,1024,m,fpar,fpar,oblivious,0.25,500000,3,256,150.44069882812497,146.765,338.133,806.614,51.9834,31488,5796,7,0,26105,5553,0,0,18.40701219512195,0.02223069105691057,17.635289634146343,0.0
tornado,1024,m,reps_dfp,reps_dfp,reps,0.25,500000,3,256,148.94090390624996,138.21,297.165,313.308,51.9834,31488,5790,15,0,26805,5584,0,0,18.38795731707317,0.04763719512195122,17.733739837398375,0.0
tornado,1024,m,fpar,fpar,oblivious,0.25,500000,4,256,338.67269531249997,139.195,1568.62,27998.4,52.1291,31488,6183,76,0,26110,5021,0,0,19.636051829268293,0.24136178861788618,15.945757113821138,0.0
tornado,1024,m,reps_dfp,reps_dfp,reps,0.25,500000,4,256,143.80692265624995,133.783,421.367,425.351,51.9834,31488,5571,16,0,27131,5256,0,0,17.692454268292682,0.0508130081300813,16.692073170731707,0.0
tornado,1024,m,fpar,fpar,oblivious,0.25,500000,5,256,285.813876953125,134.879,985.146,22094.7,52.3154,31488,6087,84,0,26560,5129,0,0,19.331173780487806,0.26676829268292684,16.288744918699187,0.0
tornado,1024,m,reps_dfp,reps_dfp,reps,0.25,500000,5,256,150.56268906250006,138.636,373.913,382.132,51.9834,31488,5786,14,0,26646,5485,0,0,18.37525406504065,0.04446138211382114,17.419334349593495,0.0
tornado,1024,m,fpar,fpar,oblivious,0.25,2000000,1,256,1259.9128554687502,488.132,29360.6,72357.2,174.194,125440,10399,877,0,100402,5000,0,0,8.290019132653061,0.6991390306122449,3.985969387755102,0.0
tornado,1024,m,reps_dfp,reps_dfp,reps,0.25,2000000,1,256,505.25955078124997,488.802,1462.17,1490.02,173.862,125440,5652,69,0,102981,5186,0,0,4.505739795918367,0.055006377551020405,4.1342474489795915,0.0
tornado,1024,m,fpar,fpar,oblivious,0.25,2000000,2,256,1970.5606679687498,519.274,83902.0,95813.9,173.862,125440,21787,2184,0,107096,5630,0,0,17.36846301020408,1.7410714285714286,4.488201530612245,0.0
tornado,1024,m,reps_dfp,reps_dfp,reps,0.25,2000000,2,256,517.3112343750001,497.936,1103.37,2499.21,173.862,125440,5825,40,0,102507,5461,0,0,4.643654336734694,0.03188775510204082,4.353475765306122,0.0
tornado,1024,m,fpar,fpar,oblivious,0.25,2000000,3,256,536.0922500000004,501.835,1183.91,3345.19,173.862,125440,6113,84,0,102485,5578,0,0,4.873246173469388,0.06696428571428571,4.4467474489795915,0.0
tornado,1024,m,reps_dfp,reps_dfp,reps,0.25,2000000,3,256,541.4875664062506,499.228,1148.89,1174.31,173.862,125440,5895,59,0,102660,5655,0,0,4.699457908163265,0.0470344387755102,4.50813137755102,0.0
tornado,1024,m,fpar,fpar,oblivious,0.25,2000000,4,255,656.8533999999997,480.673,1751.28,23355.4,174.858,125266,10617,723,0,102480,5079,0,0,8.475563999808408,0.5771717784554468,4.054571871058387,0.0
tornado,1024,m,reps_dfp,reps_dfp,reps,0.25,2000000,4,256,510.0746718749999,478.685,1598.19,1665.52,173.862,125440,5635,74,0,101151,5233,0,0,4.4921875,0.05899234693877551,4.17171556122449,0.0
tornado,1024,m,fpar,fpar,oblivious,0.25,2000000,5,256,999.8216249999998,489.123,5137.77,75513.7,175.19,125440,8739,518,0,105367,5190,0,0,6.966677295918367,0.41294642857142855,4.137436224489796,0.0
tornado,1024,m,reps_dfp,reps_dfp,reps,0.25,2000000,5,256,542.7682109374996,499.238,1419.09,1498.17,173.862,125440,5821,40,0,100151,5524,0,0,4.64046556122449,0.03188775510204082,4.403698979591836,0.0
tornado,1024,m,fpar,fpar,oblivious,0.25,10000000,1,251,2905.0898764940234,2372.37,14629.5,74612.1,824.219,625145,26586,4054,0,530707,6713,0,0,4.252773356581273,0.6484895504243016,1.0738308712378728,0.0
tornado,1024,m,reps_dfp,reps_dfp,reps,0.25,10000000,1,256,2378.8770937500008,2310.41,6439.34,6528.51,823.887,626688,5728,68,0,542344,5177,0,0,0.9140114379084967,0.010850694444444444,0.8260888991013072,0.0
tornado,1024,m,fpar,fpar,oblivious,0.25,10000000,2,251,3145.024494023904,2465.52,7334.86,99121.3,825.563,621462,33150,3793,0,537684,5809,0,0,5.334195815673364,0.6103349842790066,0.9347313270964275,0.0
tornado,1024,m,reps_dfp,reps_dfp,reps,0.25,10000000,2,256,2394.98120703125,2386.52,5547.88,5726.55,823.887,626688,5854,48,0,530212,5400,0,0,0.9341171364379085,0.007659313725490196,0.8616727941176471,0.0
tornado,1024,m,fpar,fpar,oblivious,0.25,10000000,3,256,2536.5216523437493,2449.54,5709.15,7189.45,823.887,626688,6646,344,0,537768,5582,0,0,1.0604958129084967,0.05489174836601307,0.8907143586601307,0.0
tornado,1024,m,reps_dfp,reps_dfp,reps,0.25,10000000,3,256,2586.0765468750014,2420.01,5655.59,5767.13,823.887,626688,5973,54,0,537657,5706,0,0,0.9531058517156863,0.008616727941176471,0.9105009191176471,0.0
tornado,1024,m,fpar,fpar,oblivious,0.25,10000000,4,254,2884.8752716535437,2315.06,5717.1,81608.2,824.224,623954,19177,2957,0,533664,5164,0,0,3.0734637489302097,0.47391314103283255,0.8276251133897691,0.0
tornado,1024,m,reps_dfp,reps_dfp,reps,0.25,10000000,4,256,2400.251761718751,2279.41,7955.33,8158.51,823.887,626688,5600,54,0,524970,5227,0,0,0.8935866013071896,0.008616727941176471,0.8340673508986928,0.0
tornado,1024,m,fpar,fpar,oblivious,0.25,10000000,5,253,2825.0556719367587,2373.57,4915.84,87377.5,823.913,624448,22435,2724,0,548953,5347,0,0,3.592773137234806,0.43622527416214,0.8562762631956544,0.0
tornado,1024,m,reps_dfp,reps_dfp,reps,0.25,10000000,5,256,2624.8164453124996,2383.92,7225.83,8437.63,823.887,626688,5984,53,0,529099,5577,0,0,0.9548611111111112,0.008457158905228758,0.8899165134803921,0.0
tornado,1024,m,fpar,fpar,oblivious,0.5,20000,1,512,28.928000390625037,18.8176,358.15,816.608,12.9792,2560,113,0,0,1375,0,0,0,4.4140625,0.0,0.0,0.0
tornado,1024,m,reps_dfp,reps_dfp,reps,0.5,20000,1,512,24.726957812499993,19.177,130.946,357.784,12.9792,2560,87,0,0,1401,0,0,0,3.3984375,0.0,0.0,0.0
tornado,1024,m,fpar,fpar,oblivious,0.5,20000,2,512,28.443199609375,19.1152,471.414,1160.01,12.9792,2560,95,0,0,1445,0,0,0,3.7109375,0.0,0.0,0.0
tornado,1024,m,reps_dfp,reps_dfp,reps,0.5,20000,2,512,25.612633984375,19.7104,131.278,356.642,12.9792,2560,92,0,0,1427,0,0,0,3.59375,0.0,0.0,0.0
tornado,1024,m,fpar,fpar,oblivious,0.5,20000,3,512,25.819579101562507,19.1152,130.614,1045.08,12.9792,2560,65,0,0,1433,0,0,0,2.5390625,0.0,0.0,0.0
tornado,1024,m,reps_dfp,reps_dfp,reps,0.5,20000,3,512,23.538437304687495,19.848,128.472,131.575,12.9792,2560,58,0,0,1452,1,0,0,2.265625,0.0,0.0390625,0.0
tornado,1024,m,fpar,fpar,oblivious,0.5,20000,4,512,35.005316015624985,19.1152,471.242,1845.29,12.9792,2560,152,0,0,1422,0,0,0,5.9375,0.0,0.0,0.0
tornado,1024,m,reps_dfp,reps_dfp,reps,0.5,20000,4,512,25.756858593749985,19.5504,130.614,241.882,12.9792,2560,101,0,0,1462,0,0,0,3.9453125,0.0,0.0,0.0
tornado,1024,m,fpar,fpar,oblivious,0.5,20000,5,512,27.195551171875003,18.52,244.671,1045.54,12.9792,2560,98,0,0,1366,0,0,0,3.828125,0.0,0.0,0.0
tornado,1024,m,reps_dfp,reps_dfp,reps,0.5,20000,5,512,23.28171308593747,19.5848,129.766,243.214,12.9792,2560,57,0,0,1455,7,0,0,2.2265625,0.0,0.2734375,0.0
tornado,1024,m,fpar,fpar,oblivious,0.5,100000,1,512,93.83523417968746,52.4638,936.54,5080.6,19.4816,12800,6246,15,0,10791,5548,0,0,48.796875,0.1171875,43.34375,0.0
tornado,1024,m,reps_dfp,reps_dfp,reps,0.5,100000,1,512,63.03053339843753,58.6365,152.685,781.472,19.4816,12800,6137,3,0,11472,5848,0,0,47.9453125,0.0234375,45.6875,0.0
tornado,1024,m,fpar,fpar,oblivious,0.5,100000,2,512,100.72218476562502,57.6034,1112.93,8642.01,19.4816,12800,7450,22,0,11212,6781,0,0,58.203125,0.171875,52.9765625,0.0
tornado,1024,m,reps_dfp,reps_dfp,reps,0.5,100000,2,512,62.02179804687502,57.6474,150.75,201.995,19.4867,12800,6519,6,0,11724,6189,0,0,50.9296875,0.046875,48.3515625,0.0
tornado,1024,m,fpar,fpar,oblivious,0.5,100000,3,512,66.07531425781251,56.741,376.104,703.606,19.5474,12800,7094,3,0,11059,6818,0,0,55.421875,0.0234375,53.265625,0.0
tornado,1024,m,reps_dfp,reps_dfp,reps,0.5,100000,3,512,64.63318203124999,58.2942,151.596,170.666,19.4867,12800,7097,4,0,11528,6913,0,0,55.4453125,0.03125,54.0078125,0.0
tornado,1024,m,fpar,fpar,oblivious,0.5,100000,4,512,86.3824080078125,58.3083,754.477,5078.02,19.4816,12800,6656,21,0,11018,6103,0,0,52.0,0.1640625,47.6796875,0.0
tornado,1024,m,reps_dfp,reps_dfp,reps,0.5,100000,4,512,66.13052988281248,60.4064,166.32,346.49,19.6096,12800,6770,8,0,11599,6418,0,0,52.890625,0.0625,50.140625,0.0
tornado,1024,m,fpar,fpar,oblivious,0.5,100000,5,512,94.6150298828125,51.8766,855.073,8562.87,19.4867,12800,6124,27,0,11092,5554,0,0,47.84375,0.2109375,43.390625,0.0
tornado,1024,m,reps_dfp,reps_dfp,reps,0.5,100000,5,512,63.229032031250036,59.0637,155.419,192.657,19.4816,12800,6972,2,0,11535,6804,0,0,54.46875,0.015625,53.15625,0.0
tornado,1024,m,fpar,fpar,oblivious,0.5,500000,1,512,392.93898886718745,196.746,6352.22,20191.5,53.081,62976,17806,170,0,54754,15006,0,0,28.274263211382113,0.2699441056910569,23.828125,0.0
tornado,1024,m,reps_dfp,reps_dfp,reps,0.5,500000,1,512,218.33034414062493,206.696,379.386,1485.71,51.9834,62976,17574,64,0,56200,16652,0,0,27.905868902439025,0.1016260162601626,26.441819105691057,0.0
tornado,1024,m,fpar,fpar,oblivious,0.5,500000,2,512,561.0289248046876,205.714,9154.42,48953.3,52.9794,62976,19767,305,0,55497,15896,0,0,31.388147865853657,0.4843114837398374,25.241361788617887,0.0
tornado,1024,m,reps_dfp,reps_dfp,reps,0.5,500000,2,512,219.02704882812492,208.868,369.254,1635.08,52.3264,62976,17851,41,0,56161,16963,0,0,28.345719004065042,0.06510416666666667,26.935658028455286,0.0
tornado,1024,m,fpar,fpar,oblivious,0.5,500000,3,512,289.68045292968765,207.16,929.519,10554.6,52.311,62976,17329,82,0,54592,15917,0,0,27.51683180894309,0.13020833333333334,25.27470782520325,0.0
tornado,1024,m,reps_dfp,reps_dfp,reps,0.5,500000,3,512,230.31174199218728,212.698,462.198,525.274,52.311,62976,17813,43,0,56340,17245,0,0,28.28537855691057,0.06827997967479675,27.383447662601625,0.0
tornado,1024,m,fpar,fpar,oblivious,0.5,500000,4,512,558.0587351562499,204.08,4073.66,71521.9,52.6883,62976,19499,353,0,54688,15383,0,0,30.962588922764226,0.5605309959349594,24.42676575203252,0.0
tornado,1024,m,reps_dfp,reps_dfp,reps,0.5,500000,4,512,223.18746347656247,213.238,459.231,520.535,52.3571,62976,17792,54,0,55445,17006,0,0,28.252032520325205,0.0857469512195122,27.00393800813008,0.0
tornado,1024,m,fpar,fpar,oblivious,0.5,500000,5,512,508.4116226562501,196.575,3760.88,42718.0,52.7395,62976,19156,211,0,54850,15560,0,0,30.41793699186992,0.33504827235772355,24.707825203252032,0.0
tornado,1024,m,reps_dfp,reps_dfp,reps,0.5,500000,5,512,229.51396777343746,209.613,616.462,1070.17,52.2394,62976,17671,44,0,56210,17046,0,0,28.059895833333332,0.06986788617886179,27.067454268292682,0.0
tornado,1024,m,fpar,fpar,oblivious,0.5,2000000,1,511,1591.8047064579264,761.232,28434.4,84494.7,177.775,250735,28589,1984,0,221908,15450,0,0,11.40207789100046,0.7912736554529682,6.161884060861069,0.0
tornado,1024,m,reps_dfp,reps_dfp,reps,0.5,2000000,1,512,805.6932187500007,770.366,1484.34,2737.51,173.862,250880,17651,108,0,223816,16763,0,0,7.0356345663265305,0.043048469387755105,6.681680484693878,0.0
tornado,1024,m,fpar,fpar,oblivious,0.5,2000000,2,510,1455.9373549019608,801.061,38883.7,52678.8,176.695,250652,30741,2082,0,225490,15970,0,0,12.264414407225955,0.8306337072913841,6.37138343200932,0.0
tornado,1024,m,reps_dfp,reps_dfp,reps,0.5,2000000,2,512,812.492142578126,795.876,1370.65,2326.54,175.011,250880,18035,98,0,223617,17049,0,0,7.188695790816326,0.0390625,6.795679209183674,0.0
tornado,1024,m,fpar,fpar,oblivious,0.5,2000000,3,512,1233.1189296875002,806.841,2233.46,89781.4,176.55,250880,22854,922,0,222304,15918,0,0,9.10953443877551,0.3675063775510204,6.344866071428571,0.0
tornado,1024,m,reps_dfp,reps_dfp,reps,0.5,2000000,3,512,873.0793515624999,807.684,1866.49,1974.17,174.656,250880,17908,102,0,224519,17300,0,0,7.138073979591836,0.04065688775510204,6.895727040816326,0.0
tornado,1024,m,fpar,fpar,oblivious,0.5,2000000,4,512,1710.3435664062504,802.621,28957.1,95752.7,177.824,250880,29160,2260,0,222165,15429,0,0,11.623086734693878,0.9008290816326531,6.149952168367347,0.0
tornado,1024,m,reps_dfp,reps_dfp,reps,0.5,2000000,4,512,838.5650273437495,806.875,1880.41,1982.96,174.738,250880,17965,133,0,223279,16891,0,0,7.160794005102041,0.053013392857142856,6.732700892857143,0.0
tornado,1024,m,fpar,fpar,oblivious,0.5,2000000,5,511,1567.8985616438354,761.633,31818.8,98116.8,175.221,250814,30326,1978,0,223446,15676,0,0,12.091031601106796,0.7886322135128023,6.250049837728357,0.0
tornado,1024,m,reps_dfp,reps_dfp,reps,0.5,2000000,5,512,875.5852265624997,811.475,2390.22,3102.24,174.369,250880,17810,82,0,224604,16995,0,0,7.099011479591836,0.03268494897959184,6.774154974489796,0.0
tornado,1024,m,reps_dfp,reps_dfp,reps,0.5,10000000,1,512,3942.0583574218736,3828.81,7455.35,8142.83,823.887,1253376,17685,118,0,1167061,16860,0,0,1.410989200367647,0.009414573120915032,1.3451669730392157,0.0
tornado,1024,m,reps_dfp,reps_dfp,reps,0.5,10000000,2,512,3946.795023437499,3968.26,6546.65,7424.29,824.787,1253376,18188,83,0,1159600,17089,0,0,1.4511208129084967,0.006622114991830065,1.3634376276552287,0.0
tornado,1024,m,reps_dfp,reps_dfp,reps,0.5,10000000,3,512,4298.026326171877,4035.72,9494.95,9785.77,828.168,1253376,17982,100,0,1162464,17253,0,0,1.4346852022058822,0.00797845179738562,1.3765222886029411,0.0
tornado,1024,m,reps_dfp,reps_dfp,reps,0.5,10000000,4,512,4053.2861152343753,3904.72,9099.54,9789.75,826.217,1253376,17950,132,0,1156199,16950,0,0,1.432132097630719,0.01053155637254902,1.3523475796568627,0.0
tornado,1024,m,reps_dfp,reps_dfp,reps,0.5,10000000,5,512,4286.0599003906245,4003.26,11909.4,12229.6,823.939,1253376,17875,78,0,1162159,17183,0,0,1.4261482587826797,0.006223192401960784,1.3709373723447713,0.0
tornado,1024,m,fpar,fpar,oblivious,0.75,20000,1,768,35.02014270833335,21.4736,471.75,1502.48,12.9792,3840,234,0,0,2532,17,0,0,6.09375,0.0,0.4427083333333333,0.0
tornado,1024,m,reps_dfp,reps_dfp,reps,0.75,20000,1,768,28.534842057291645,22.3664,130.946,359.271,12.9792,3840,138,0,0,2561,2,0,0,3.59375,0.0,0.052083333333333336,0.0
tornado,1024,m,fpar,fpar,oblivious,0.75,20000,2,768,30.483993359375045,21.7712,244.706,1387.88,13.3051,3840,153,0,0,2550,17,0,0,3.984375,0.0,0.4427083333333333,0.0
tornado,1024,m,reps_dfp,reps_dfp,reps,0.75,20000,2,768,27.878245833333352,22.3664,130.946,470.75,13.2019,3840,127,0,0,2567,1,0,0,3.3072916666666665,0.0,0.026041666666666668,0.0
tornado,1024,m,fpar,fpar,oblivious,0.75,20000,3,768,30.54018020833338,21.7712,243.516,1387.55,12.9792,3840,161,0,0,2532,23,0,0,4.192708333333333,0.0,0.5989583333333334,0.0
tornado,1024,m,reps_dfp,reps_dfp,reps,0.75,20000,3,768,27.81837526041667,22.4282,131.278,355.818,12.9792,3840,151,0,0,2569,28,0,0,3.9322916666666665,0.0,0.7291666666666666,0.0
tornado,1024,m,fpar,fpar,oblivious,0.75,20000,4,768,35.66547278645834,21.176,585.018,1963.93,12.9792,3840,210,0,0,2518,8,0,0,5.46875,0.0,0.20833333333333334,0.0
tornado,1024,m,reps_dfp,reps_dfp,reps,0.75,20000,4,768,28.58578567708334,22.5658,130.614,358.116,12.9792,3840,159,0,0,2604,21,0,0,4.140625,0.0,0.546875,0.0
tornado,1024,m,fpar,fpar,oblivious,0.75,20000,5,768,34.31076289062499,21.176,356.779,2763.75,12.9792,3840,192,0,0,2490,8,0,0,5.0,0.0,0.20833333333333334,0.0
tornado,1024,m,reps_dfp,reps_dfp,reps,0.75,20000,5,768,27.848470442708322,22.664,130.946,930.814,12.9792,3840,151,0,0,2571,31,0,0,3.9322916666666665,0.0,0.8072916666666666,0.0
tornado,1024,m,fpar,fpar,oblivious,0.75,100000,1,768,117.5086833333333,72.5168,1050.06,10080.4,19.6182,19200,16640,15,0,17563,15580,0,0,86.66666666666667,0.078125,81.14583333333333,0.0
tornado,1024,m,reps_dfp,reps_dfp,reps,0.75,100000,1,768,82.66778072916667,74.5661,196.975,528.531,19.4816,19200,17439,13,0,18509,16976,0,0,90.828125,0.06770833333333333,88.41666666666667,0.0
tornado,1024,m,fpar,fpar,oblivious,0.75,100000,2,768,110.944339453125,73.1611,1046.99,6994.46,19.497,19200,16742,32,0,17541,15917,0,0,87.19791666666667,0.16666666666666666,82.90104166666667,0.0
tornado,1024,m,reps_dfp,reps_dfp,reps,0.75,100000,2,768,82.05241653645832,75.0462,199.787,536.26,19.4918,19200,17548,19,0,18498,17027,0,0,91.39583333333333,0.09895833333333333,88.68229166666667,0.0
tornado,1024,m,fpar,fpar,oblivious,0.75,100000,3,768,100.34034674479172,73.5238,593.654,4238.98,19.6638,19200,17355,20,0,17654,16579,0,0,90.390625,0.10416666666666667,86.34895833333333,0.0
tornado,1024,m,reps_dfp,reps_dfp,reps,0.75,100000,3,768,84.27463828124999,75.0915,241.26,256.891,19.6182,19200,17344,16,0,18412,16731,0,0,90.33333333333333,0.08333333333333333,87.140625,0.0
tornado,1024,m,fpar,fpar,oblivious,0.75,100000,4,768,147.3080721354166,73.2234,1165.84,9765.13,19.4867,19200,16876,20,0,17480,15583,0,0,87.89583333333333,0.10416666666666667,81.16145833333333,0.0
tornado,1024,m,reps_dfp,reps_dfp,reps,0.75,100000,4,768,83.61172825520832,75.0355,201.768,651.912,19.9715,19200,17881,13,0,18352,17339,0,0,93.13020833333333,0.06770833333333333,90.30729166666667,0.0
tornado,1024,m,fpar,fpar,oblivious,0.75,100000,5,768,157.6975817708334,68.5093,901.295,20645.2,19.6557,19200,17081,33,0,17766,15799,0,0,88.96354166666667,0.171875,82.28645833333333,0.0
tornado,1024,m,reps_dfp,reps_dfp,reps,0.75,100000,5,768,83.55622213541668,73.4136,207.492,248.868,19.9958,19200,17684,4,0,18292,17245,0,0,92.10416666666667,0.020833333333333332,89.81770833333333,0.0
tornado,1024,m,fpar,fpar,oblivious,0.75,500000,1,768,599.5599130208333,274.019,11276.1,28629.5,53.5342,94464,32311,530,0,83669,26489,0,0,34.20456470189702,0.5610602981029811,28.041370257452574,0.0
tornado,1024,m,reps_dfp,reps_dfp,reps,0.75,500000,1,768,298.15984635416646,294.525,532.648,2785.87,52.2035,94464,30671,42,0,85559,29343,0,0,32.468453590785906,0.04446138211382114,31.062627032520325,0.0
tornado,1024,m,fpar,fpar,oblivious,0.75,500000,2,768,528.1281683593753,293.785,5826.27,42520.4,55.1214,94464,31273,417,0,83566,26874,0,0,33.10573340108401,0.4414380081300813,28.44893292682927,0.0
tornado,1024,m,reps_dfp,reps_dfp,reps,0.75,500000,2,768,296.13133437500034,298.831,567.342,1109.0,52.9621,94464,30678,53,0,85506,29463,0,0,32.47586382113821,0.0561060298102981,31.18965955284553,0.0
tornado,1024,m,fpar,fpar,oblivious,0.75,500000,3,768,553.4268268229166,283.245,5830.0,75580.0,53.5126,94464,31829,390,0,82924,27245,0,0,33.69431741192412,0.41285569105691056,28.841675135501355,0.0
tornado,1024,m,reps_dfp,reps_dfp,reps,0.75,500000,3,768,312.0723249999996,295.499,576.633,1126.95,52.5363,94464,30733,45,0,85501,29474,0,0,32.534087059620596,0.04763719512195122,31.201304200542005,0.0
tornado,1024,m,fpar,fpar,oblivious,0.75,500000,4,768,564.7422303385415,278.608,9323.91,64776.6,53.1378,94464,31866,349,0,83305,26651,0,0,33.733485772357724,0.36945291327913277,28.2128641598916,0.0
tornado,1024,m,reps_dfp,reps_dfp,reps,0.75,500000,4,768,303.9955199218748,296.614,643.001,1561.08,53.3248,94464,30723,57,0,84658,29548,0,0,32.52350101626016,0.060340447154471545,31.279640921409214,0.0
tornado,1024,m,fpar,fpar,oblivious,0.75,500000,5,768,623.5900683593749,267.85,6710.31,50700.6,53.5827,94464,33435,546,0,83313,27231,0,0,35.39443597560975,0.5779979674796748,28.82685467479675,0.0
tornado,1024,m,reps_dfp,reps_dfp,reps,0.75,500000,5,768,311.32758710937486,297.223,736.352,1666.24,52.7667,94464,30719,38,0,86280,29635,0,0,32.51926659891599,0.0402269647696477,31.371739498644985,0.0
tornado,1024,m,reps_dfp,reps_dfp,reps,0.75,2000000,1,768,1157.989770833333,1148.1,1993.95,2153.72,174.323,376320,30819,110,0,346408,29637,0,0,8.189572704081632,0.02923044217687075,7.8754783163265305,0.0
tornado,1024,m,reps_dfp,reps_dfp,reps,0.75,2000000,2,768,1151.0092669270825,1169.41,1981.6,2154.98,175.765,376320,30844,132,0,346706,29450,0,0,8.196215986394558,0.035076530612244895,7.82578656462585,0.0
tornado,1024,m,reps_dfp,reps_dfp,reps,0.75,2000000,3,768,1200.9485546874996,1138.18,2191.16,2321.62,175.188,376320,30860,119,0,345634,29557,0,0,8.20046768707483,0.03162202380952381,7.85421981292517,0.0
tornado,1024,m,reps_dfp,reps_dfp,reps,0.75,2000000,4,768,1178.3861822916654,1154.21,2485.05,2624.34,175.971,376320,30715,99,0,345522,29470,0,0,8.161936649659864,0.026307397959183673,7.831101190476191,0.0
tornado,1024,m,reps_dfp,reps_dfp,reps,0.75,2000000,5,768,1213.0300143229163,1141.31,2791.4,4340.54,175.537,376320,30851,84,0,347393,29625,0,0,8.198076105442176,0.022321428571428572,7.872289540816326,0.0
tornado,1024,m,reps_dfp,reps_dfp,reps,0.75,10000000,1,768,5654.162799479168,5631.6,9854.9,10607.6,825.592,1880064,31009,122,0,1786419,29288,0,0,1.649358745234205,0.0064891407952069715,1.5578193082788672,0.0
tornado,1024,m,reps_dfp,reps_dfp,reps,0.75,10000000,2,768,5654.646053385419,5731.74,9957.88,10583.1,829.543,1880064,30812,110,0,1792990,29441,0,0,1.638880378540305,0.005850864651416122,1.5659573291122004,0.0
tornado,1024,m,reps_dfp,reps_dfp,reps,0.75,10000000,3,768,5924.982078124999,5663.18,11276.1,11417.5,829.207,1880064,31032,118,0,1782252,29592,0,0,1.6505821078431373,0.006276382080610022,1.5739889705882353,0.0
tornado,1024,m,reps_dfp,reps_dfp,reps,0.75,10000000,4,768,5808.439139322915,5683.8,12055.7,13055.1,831.538,1880064,30901,105,0,1790549,29645,0,0,1.6436142599400871,0.005584916258169935,1.5768080235566448,0.0
tornado,1024,m,reps_dfp,reps_dfp,reps,0.75,10000000,5,768,5949.743472656249,5661.75,13913.8,14651.4,828.767,1880064,31028,100,0,1790164,29739,0,0,1.6503693491285403,0.005318967864923747,1.581807853349673,0.0
tornado,1024,m,fpar,fpar,oblivious,1.0,20000,1,1024,40.092413769531284,23.6944,472.414,2763.42,13.3051,5120,459,0,0,3762,157,0,0,8.96484375,0.0,3.06640625,0.0
tornado,1024,m,reps_dfp,reps_dfp,reps,1.0,20000,1,1024,32.01709755859375,25.8784,131.334,587.014,14.2384,5120,286,0,0,3878,105,0,0,5.5859375,0.0,2.05078125,0.0
tornado,1024,m,fpar,fpar,oblivious,1.0,20000,2,1024,35.270619335937546,23.992,356.779,1619.08,13.009,5120,310,0,0,3789,97,0,0,6.0546875,0.0,1.89453125,0.0
tornado,1024,m,reps_dfp,reps_dfp,reps,1.0,20000,2,1024,31.70642812499998,26.3504,131.278,356.779,12.9792,5120,264,0,0,3846,73,0,0,5.15625,0.0,1.42578125,0.0
tornado,1024,m,fpar,fpar,oblivious,1.0,20000,3,1024,36.194150878906214,24.2166,473.746,1731.84,12.9792,5120,323,0,0,3745,121,0,0,6.30859375,0.0,2.36328125,0.0
tornado,1024,m,reps_dfp,reps_dfp,reps,1.0,20000,3,1024,32.05000820312501,25.9152,131.322,472.384,12.9792,5120,382,0,0,3866,223,0,0,7.4609375,0.0,4.35546875,0.0
tornado,1024,m,fpar,fpar,oblivious,1.0,20000,4,1024,33.00176103515624,24.2835,357.15,1044.08,13.0653,5120,280,0,0,3763,103,0,0,5.46875,0.0,2.01171875,0.0
tornado,1024,m,reps_dfp,reps_dfp,reps,1.0,20000,4,1024,29.74716582031247,25.8678,130.457,243.69,13.4995,5120,286,0,0,3874,171,0,0,5.5859375,0.0,3.33984375,0.0
tornado,1024,m,fpar,fpar,oblivious,1.0,20000,5,1024,38.610363867187495,23.9702,356.779,2763.75,12.9792,5120,365,0,0,3791,109,0,0,7.12890625,0.0,2.12890625,0.0
tornado,1024,m,reps_dfp,reps_dfp,reps,1.0,20000,5,1024,31.61511523437501,25.6176,131.762,700.282,13.2707,5120,345,0,0,3875,169,0,0,6.73828125,0.0,3.30078125,0.0
tornado,1024,m,fpar,fpar,oblivious,1.0,100000,1,1024,188.4891682617187,93.9171,1045.54,33867.5,19.753,25600,28599,42,0,23837,26624,0,0,111.71484375,0.1640625,104.0,0.0
tornado,1024,m,reps_dfp,reps_dfp,reps,1.0,100000,1,1024,102.40536113281244,98.8077,228.572,503.245,27.1227,25600,30520,21,0,24975,29703,0,0,119.21875,0.08203125,116.02734375,0.0
tornado,1024,m,fpar,fpar,oblivious,1.0,100000,2,1024,149.03150292968738,92.3477,1248.72,12282.3,19.8298,25600,28805,39,0,23680,27229,0,0,112.51953125,0.15234375,106.36328125,0.0
tornado,1024,m,reps_dfp,reps_dfp,reps,1.0,100000,2,1024,101.2841257812499,97.9653,221.799,869.796,19.4918,25600,30483,22,0,24993,29695,0,0,119.07421875,0.0859375,115.99609375,0.0
tornado,1024,m,fpar,fpar,oblivious,1.0,100000,3,1024,141.65253916015635,92.0922,1301.91,7309.2,20.4418,25600,29072,48,0,23702,27535,0,0,113.5625,0.1875,107.55859375,0.0
tornado,1024,m,reps_dfp,reps_dfp,reps,1.0,100000,3,1024,103.01883046875011,97.6234,228.509,540.984,19.4918,25600,29190,17,0,25035,28441,0,0,114.0234375,0.06640625,111.09765625,0.0
tornado,1024,m,fpar,fpar,oblivious,1.0,100000,4,1024,176.55056181640617,92.2504,1749.38,23876.1,19.6638,25600,29270,41,0,23717,27259,0,0,114.3359375,0.16015625,106.48046875,0.0
tornado,1024,m,reps_dfp,reps_dfp,reps,1.0,100000,4,1024,102.35668212890629,97.9149,232.561,750.516,19.5498,25600,30382,22,0,24969,29641,0,0,118.6796875,0.0859375,115.78515625,0.0
tornado,1024,m,fpar,fpar,oblivious,1.0,100000,5,1024,159.2013538085937,89.1163,1220.74,15119.5,19.8349,25600,28936,37,0,23731,27426,0,0,113.03125,0.14453125,107.1328125,0.0
tornado,1024,m,reps_dfp,reps_dfp,reps,1.0,100000,5,1024,102.28943593750019,95.7173,222.681,652.031,19.8451,25600,29987,24,0,25068,29245,0,0,117.13671875,0.09375,114.23828125,0.0
tornado,1024,m,fpar,fpar,oblivious,1.0,500000,1,1024,697.5176690429685,386.015,11988.8,49006.2,53.8139,125952,46434,732,0,113326,38298,0,0,36.86642530487805,0.5811737804878049,30.406821646341463,0.0
tornado,1024,m,reps_dfp,reps_dfp,reps,1.0,500000,1,1024,391.3946568359374,390.269,743.108,2780.56,90.6131,125952,44063,74,0,115647,42237,0,0,34.98396214430894,0.058752540650406505,33.53420350609756,0.0
tornado,1024,m,fpar,fpar,oblivious,1.0,500000,2,1024,576.0774769531251,373.007,6875.25,51308.4,53.8573,125952,44622,438,0,112268,38551,0,0,35.427782012195124,0.3477515243902439,30.607691819105693,0.0
tornado,1024,m,reps_dfp,reps_dfp,reps,1.0,500000,2,1024,385.277492578125,388.982,670.147,3039.68,53.0381,125952,44127,78,0,116271,42299,0,0,35.034775152439025,0.061928353658536585,33.583428607723576,0.0
tornado,1024,m,fpar,fpar,oblivious,1.0,500000,3,1024,586.8172230468751,384.146,4738.94,59821.1,54.4574,125952,44689,347,0,112990,38789,0,0,35.4809768800813,0.27550177845528456,30.79665269308943,0.0
tornado,1024,m,reps_dfp,reps_dfp,reps,1.0,500000,3,1024,396.91284882812556,382.077,741.372,1239.18,53.3976,125952,43917,77,0,116230,42239,0,0,34.8680449695122,0.061134400406504065,33.535791412601625,0.0
tornado,1024,m,fpar,fpar,oblivious,1.0,500000,4,1024,572.2413354492187,374.767,6902.7,27983.4,54.3445,125952,44510,426,0,113029,38559,0,0,35.33885924796748,0.33822408536585363,30.61404344512195,0.0
tornado,1024,m,reps_dfp,reps_dfp,reps,1.0,500000,4,1024,393.7550909179685,383.189,818.185,1418.93,53.3894,125952,43971,74,0,116186,42381,0,0,34.91091844512195,0.058752540650406505,33.64853277439025,0.0
tornado,1024,m,fpar,fpar,oblivious,1.0,500000,5,1024,635.7318628906248,362.62,4893.01,88920.8,53.0782,125952,46393,549,0,112457,38656,0,0,36.833873221544714,0.43588033536585363,30.691056910569106,0.0
tornado,1024,m,reps_dfp,reps_dfp,reps,1.0,500000,5,1024,388.23409111328135,372.226,861.966,1130.93,53.7738,125952,44084,70,0,116110,42524,0,0,35.000635162601625,0.055576727642276426,33.7620680894309,0.0
tornado,1024,m,reps_dfp,reps_dfp,reps,1.0,2000000,1,1024,1510.3543476562495,1517.88,2763.28,3693.18,299.152,501760,44139,131,0,468486,42069,0,0,8.796835140306122,0.02610809948979592,8.38428730867347,0.0
tornado,1024,m,reps_dfp,reps_dfp,reps,1.0,2000000,2,1024,1496.5378408203114,1521.14,2476.96,3206.97,175.598,501760,44214,139,0,468397,42313,0,0,8.811782525510203,0.02770248724489796,8.432916135204081,0.0
tornado,1024,m,reps_dfp,reps_dfp,reps,1.0,2000000,3,1024,1547.9758671874997,1479.35,2976.2,3122.42,175.853,501760,44095,125,0,468139,42286,0,0,8.788066007653061,0.02491230867346939,8.427535076530612,0.0
tornado,1024,m,reps_dfp,reps_dfp,reps,1.0,2000000,4,1024,1537.182001953125,1477.86,3265.34,3468.78,180.183,501760,44175,135,0,467909,42419,0,0,8.804009885204081,0.026905293367346938,8.454041772959183,0.0
tornado,1024,m,reps_dfp,reps_dfp,reps,1.0,2000000,5,1024,1537.7692050781236,1479.92,3434.64,3636.15,176.778,501760,44076,122,0,469942,42579,0,0,8.784279336734693,0.02431441326530612,8.485929528061224,0.0
tornado,1024,m,reps_dfp,reps_dfp,reps,1.0,10000000,1,1024,7523.413574218748,7735.44,13844.1,14660.8,1106.49,2506752,44909,132,0,2407806,42418,0,0,1.7915214588439543,0.00526577818627451,1.6921498417075163,0.0
tornado,1024,m,reps_dfp,reps_dfp,reps,1.0,10000000,2,1024,7314.051546875005,7578.26,12248.3,13026.9,829.018,2506752,44572,159,0,2400534,42259,0,0,1.7780777675653594,0.006342869178921569,1.6858069725285947,0.0
tornado,1024,m,reps_dfp,reps_dfp,reps,1.0,10000000,3,1024,7687.093692382809,7345.25,15129.1,15485.7,831.284,2506752,44442,109,0,2412753,42729,0,0,1.7728917738970589,0.0043482562295751636,1.704556334252451,0.0
tornado,1024,m,reps_dfp,reps_dfp,reps,1.0,10000000,4,1024,7607.525142578133,7330.58,16143.9,17099.1,831.606,2506752,44430,136,0,2415419,42831,0,0,1.7724130667892157,0.005425347222222222,1.7086253446691178,0.0
tornado,1024,m,reps_dfp,reps_dfp,reps,1.0,10000000,5,1024,7533.7383203125,7250.94,17306.3,17926.6,829.56,2506752,44680,130,0,2409573,42628,0,0,1.7823861315359477,0.005185993668300653,1.7005272160947713,0.0
