threshold_frac,threshold_bytes,pattern,load,fs,seed,mean,p99,rtx_pct
0.1,20750,tornado,0.25,100000,1,22.569353090909104,28.9416,0.0
0.1,20750,tornado,0.25,100000,2,23.012805818181832,28.9376,0.0
0.1,20750,tornado,0.25,100000,3,22.571790545454547,30.1096,0.0
0.25,51875,tornado,0.25,100000,1,24.290413818181836,30.0936,0.0
0.25,51875,tornado,0.25,100000,2,24.517521090909113,29.3106,0.0
0.25,51875,tornado,0.25,100000,3,24.244769818181844,29.6056,0.0
0.5,103750,tornado,0.25,100000,1,28.280521454545486,35.7547,0.0
0.5,103750,tornado,0.25,100000,2,28.113413090909113,35.7496,0.0
0.5,103750,tornado,0.25,100000,3,28.271660727272753,35.7496,0.0
0.75,155625,tornado,0.25,100000,1,30.645417090909085,39.4016,0.0
0.75,155625,tornado,0.25,100000,2,30.574968727272722,39.7336,0.0
0.75,155625,tornado,0.25,100000,3,30.58152036363636,43.3856,0.0
0.9,186750,tornado,0.25,100000,1,32.3681301818182,42.0576,0.0
0.9,186750,tornado,0.25,100000,2,32.335474909090934,42.3896,0.0
0.9,186750,tornado,0.25,100000,3,32.214029090909094,48.5376,0.04363636363636364
0.1,20750,tornado,0.25,500000,1,60.87068799999997,96.0702,1.262379896526238
0.1,20750,tornado,0.25,500000,2,63.45216181818178,96.2238,1.6585365853658536
0.1,20750,tornado,0.25,500000,3,60.97888218181815,98.3234,1.3067257945306725
0.25,51875,tornado,0.25,500000,1,62.65846727272726,97.384,0.9963045084996305
0.25,51875,tornado,0.25,500000,2,64.9198334545454,96.0395,1.1825572801182558
0.25,51875,tornado,0.25,500000,3,62.722536727272676,105.566,0.8396156688839616
0.5,103750,tornado,0.25,500000,1,68.25772545454547,116.445,0.5439763488543976
0.5,103750,tornado,0.25,500000,2,69.8412058181818,95.641,0.5351071692535108
0.5,103750,tornado,0.25,500000,3,68.63939527272727,120.012,0.50849963045085
0.75,155625,tornado,0.25,500000,1,74.25751636363636,121.243,0.5380635624538064
0.75,155625,tornado,0.25,500000,2,74.99849818181823,97.2166,0.679970436067997
0.75,155625,tornado,0.25,500000,3,74.4826145454545,125.917,0.4109386548410939
0.9,186750,tornado,0.25,500000,1,78.02246363636368,133.23,0.42276422764227645
0.9,186750,tornado,0.25,500000,2,78.55889636363636,104.233,0.573540280857354
0.9,186750,tornado,0.25,500000,3,78.67833563636371,124.323,0.43163340724316335
0.1,20750,tornado,0.25,2000000,1,203.95161090909087,381.067,0.3302411873840445
0.1,20750,tornado,0.25,2000000,2,213.59762909090907,345.576,0.4474953617810761
0.1,20750,tornado,0.25,2000000,3,205.10918909090904,432.623,0.36512059369202227
0.25,51875,tornado,0.25,2000000,1,207.48764363636357,360.131,0.2768089053803339
0.25,51875,tornado,0.25,2000000,2,218.03255272727287,357.44,0.35918367346938773
0.25,51875,tornado,0.25,2000000,3,209.7734509090907,445.106,0.2871985157699443
0.5,103750,tornado,0.25,2000000,1,234.73415272727286,458.849,0.18478664192949906
0.5,103750,tornado,0.25,2000000,2,249.62474181818177,495.727,0.19962894248608534
0.5,103750,tornado,0.25,2000000,3,244.15429818181812,517.544,0.1699443413729128
0.75,155625,tornado,0.25,2000000,1,296.1093854545454,619.261,0.1803339517625232
0.75,155625,tornado,0.25,2000000,2,309.3272545454547,640.725,0.1862708719851577
0.75,155625,tornado,0.25,2000000,3,306.2068218181818,688.609,0.13951762523191094
0.9,186750,tornado,0.25,2000000,1,344.9617381818182,674.836,0.15064935064935064
0.9,186750,tornado,0.25,2000000,2,350.2751236363637,757.95,0.18404452690166975
0.9,186750,tornado,0.25,2000000,3,336.5054909090908,767.976,0.1313543599257885
0.1,20750,tornado,0.25,10000000,1,966.5445709090908,2239.57,0.07100415923945336
0.1,20750,tornado,0.25,10000000,2,1010.3945745454547,1703.09,0.09729649435531788
0.1,20750,tornado,0.25,10000000,3,968.3444290909099,2213.44,0.09284016636957813
0.25,51875,tornado,0.25,10000000,1,974.2733090909086,1715.17,0.05570409982174688
0.25,51875,tornado,0.25,10000000,2,1025.0287709090906,1723.7,0.07471776589423648
0.25,51875,tornado,0.25,10000000,3,993.611112727273,2335.82,0.06669637551990493
0.5,103750,tornado,0.25,10000000,1,1105.5846109090905,2262.57,0.03698752228163993
0.5,103750,tornado,0.25,10000000,2,1137.6730436363625,2060.72,0.03995840760546643
0.5,103750,tornado,0.25,10000000,3,1144.3833672727267,2487.47,0.03401663695781343
0.75,155625,tornado,0.25,10000000,1,2193.655505454546,4479.26,0.03609625668449198
0.75,155625,tornado,0.25,10000000,2,2142.8496836363647,4252.51,0.03728461081402258
0.75,155625,tornado,0.25,10000000,3,2108.3830799999996,6297.69,0.027926322043969103
0.9,186750,tornado,0.25,10000000,1,2327.419512727272,4511.73,0.030154486036838977
0.9,186750,tornado,0.25,10000000,2,2520.7082509090906,5745.24,0.0368389780154486
0.9,186750,tornado,0.25,10000000,3,2335.0369781818163,6445.09,0.026292335115864526
0.1,20750,tornado,0.5,100000,1,24.96161872727274,37.3976,0.2909090909090909
0.1,20750,tornado,0.5,100000,2,24.750700000000005,33.4256,0.0
0.1,20750,tornado,0.5,100000,3,24.956033090909095,35.8976,0.0
0.25,51875,tornado,0.5,100000,1,26.296555999999992,38.4096,0.27636363636363637
0.25,51875,tornado,0.5,100000,2,26.08106872727274,34.9637,0.0
0.25,51875,tornado,0.5,100000,3,26.16586654545455,36.7797,0.0
0.5,103750,tornado,0.5,100000,1,30.702103090909176,45.5256,0.2545454545454545
0.5,103750,tornado,0.5,100000,2,30.306823272727335,39.3896,0.0
0.5,103750,tornado,0.5,100000,3,30.42530109090913,39.2336,0.0
0.75,155625,tornado,0.5,100000,1,34.19184890909086,45.7016,0.1890909090909091
0.75,155625,tornado,0.5,100000,2,33.88164563636359,43.8896,0.0
0.75,155625,tornado,0.5,100000,3,33.842215999999986,43.7176,0.0
0.9,186750,tornado,0.5,100000,1,36.82566836363641,49.2016,0.41454545454545455
0.9,186750,tornado,0.5,100000,2,36.50663636363641,48.885,0.11636363636363636
0.9,186750,tornado,0.5,100000,3,36.32017581818185,48.8952,0.2109090909090909
0.1,20750,tornado,0.5,500000,1,70.63896581818182,154.809,2.8869179600886916
0.1,20750,tornado,0.5,500000,2,70.2024214545455,125.031,2.984478935698448
0.1,20750,tornado,0.5,500000,3,70.5692801818182,132.198,3.351071692535107
0.25,51875,tornado,0.5,500000,1,72.72237,164.068,2.620842572062084
0.25,51875,tornado,0.5,500000,2,71.61247654545464,128.566,2.248337028824834
0.25,51875,tornado,0.5,500000,3,72.3548705454546,135.82,2.564671101256467
0.5,103750,tornado,0.5,500000,1,77.83216290909083,173.641,2.3562453806356247
0.5,103750,tornado,0.5,500000,2,77.11235836363632,141.405,1.8373983739837398
0.5,103750,tornado,0.5,500000,3,77.51714763636359,145.497,2.2675535846267554
0.75,155625,tornado,0.5,500000,1,84.14354109090912,179.606,2.057649667405765
0.75,155625,tornado,0.5,500000,2,83.24717290909088,145.527,1.4693274205469327
0.75,155625,tornado,0.5,500000,3,83.38285254545454,148.594,1.7738359201773837
0.9,186750,tornado,0.5,500000,1,88.21061454545455,177.619,2.0103473762010347
0.9,186750,tornado,0.5,500000,2,87.40292436363646,150.123,1.238728750923873
0.9,186750,tornado,0.5,500000,3,87.76453018181817,167.296,1.7028824833702882
0.1,20750,tornado,0.5,2000000,1,241.51727272727263,603.204,0.9298701298701298
0.1,20750,tornado,0.5,2000000,2,239.59435090909093,536.564,0.9721706864564007
0.1,20750,tornado,0.5,2000000,3,239.30452181818174,504.317,1.051948051948052
0.25,51875,tornado,0.5,2000000,1,248.99246727272737,635.66,0.8174397031539888
0.25,51875,tornado,0.5,2000000,2,247.33284727272715,531.023,0.7413729128014842
0.25,51875,tornado,0.5,2000000,3,247.5316309090909,523.215,0.8545454545454545
0.5,103750,tornado,0.5,2000000,1,277.01685818181835,671.651,0.7150278293135436
0.5,103750,tornado,0.5,2000000,2,288.1925818181819,627.857,0.561038961038961
0.5,103750,tornado,0.5,2000000,3,281.8811363636362,594.12,0.6823747680890538
0.75,155625,tornado,0.5,2000000,1,363.63230545454536,832.158,0.6207792207792208
0.75,155625,tornado,0.5,2000000,2,378.23898363636357,814.762,0.462708719851577
0.75,155625,tornado,0.5,2000000,3,374.0907709090907,845.628,0.5539888682745826
0.9,186750,tornado,0.5,2000000,1,428.54815818181766,953.137,0.5547309833024119
0.9,186750,tornado,0.5,2000000,2,437.03085272727293,920.922,0.39591836734693875
0.9,186750,tornado,0.5,2000000,3,432.83014363636374,890.082,0.49944341372912804
0.1,20750,tornado,0.5,10000000,1,1153.3441127272717,2977.33,0.20967023172905525
0.1,20750,tornado,0.5,10000000,2,1144.83021090909,2599.59,0.2335858585858586
0.1,20750,tornado,0.5,10000000,3,1145.1995090909093,2479.82,0.26255199049316696
0.25,51875,tornado,0.5,10000000,1,1179.8272272727268,3077.92,0.1737225193107546
0.25,51875,tornado,0.5,10000000,2,1184.2352836363639,2577.5,0.1587195484254308
0.25,51875,tornado,0.5,10000000,3,1176.2893836363635,2776.89,0.18746286393345216
0.5,103750,tornado,0.5,10000000,1,1282.523325454546,3172.45,0.14490493166963755
0.5,103750,tornado,0.5,10000000,2,1318.9662254545453,2897.15,0.11229946524064172
0.5,103750,tornado,0.5,10000000,3,1305.515134545455,2647.75,0.13658645276292336
0.75,155625,tornado,0.5,10000000,1,2719.3177018181814,6430.48,0.12425727866904338
0.75,155625,tornado,0.5,10000000,2,2825.417616363637,6294.5,0.09261734997029114
0.75,155625,tornado,0.5,10000000,3,2778.056334545455,6499.61,0.11088829471182413
0.9,186750,tornado,0.5,10000000,1,3547.3036472727244,6840.17,0.11103683897801545
0.9,186750,tornado,0.5,10000000,2,3591.4546963636367,6821.77,0.07924836601307189
0.9,186750,tornado,0.5,10000000,3,3617.698465454546,7063.28,0.09997029114676173
0.1,20750,tornado,0.75,100000,1,27.163854424242402,35.7376,0.1406060606060606
0.1,20750,tornado,0.75,100000,2,26.946984848484934,35.0736,0.0
0.1,20750,tornado,0.75,100000,3,27.060736727272737,35.9677,0.0
0.25,51875,tornado,0.75,100000,1,27.906153818181817,41.9709,0.17454545454545456
0.25,51875,tornado,0.75,100000,2,27.93751587878787,38.7038,0.0
0.25,51875,tornado,0.75,100000,3,27.93020145454542,40.4528,0.05333333333333334
0.5,103750,tornado,0.75,100000,1,31.30158363636362,44.9947,0.1890909090909091
0.5,103750,tornado,0.75,100000,2,31.36464957575758,41.0536,0.0
0.5,103750,tornado,0.75,100000,3,31.264943030303026,45.6976,0.06787878787878789
0.75,155625,tornado,0.75,100000,1,35.39460836363637,46.3963,0.16
0.75,155625,tornado,0.75,100000,2,35.48496896969701,44.2216,0.0
0.75,155625,tornado,0.75,100000,3,35.398480242424256,46.1947,0.02909090909090909
0.9,186750,tornado,0.75,100000,1,38.77217636363642,49.3616,0.7660606060606061
0.9,186750,tornado,0.75,100000,2,38.836326303030354,49.217,0.5963636363636363
0.9,186750,tornado,0.75,100000,3,38.678263272727335,49.7653,0.6642424242424242
0.1,20750,tornado,0.75,500000,1,77.10937745454548,118.984,4.589307711258931
0.1,20750,tornado,0.75,500000,2,76.95300715151524,113.091,4.394185760039418
0.1,20750,tornado,0.75,500000,3,76.59355030303036,123.2,4.957871396895787
0.25,51875,tornado,0.75,500000,1,82.47130472727277,147.12,3.1278640059127865
0.25,51875,tornado,0.75,500000,2,82.28564339393942,132.182,3.3515644247351566
0.25,51875,tornado,0.75,500000,3,81.69626,140.864,3.3426952451342697
0.5,103750,tornado,0.75,500000,1,87.30907612121213,169.47,2.6302044838630203
0.5,103750,tornado,0.75,500000,2,87.92136036363635,151.532,2.816457255481646
0.5,103750,tornado,0.75,500000,3,87.58309090909084,165.346,2.6016260162601625
0.75,155625,tornado,0.75,500000,1,91.75456860606056,173.123,2.4134023158413402
0.75,155625,tornado,0.75,500000,2,92.48363527272724,158.022,2.392707563439271
0.75,155625,tornado,0.75,500000,3,92.15967042424242,175.667,2.255728011825573
0.9,186750,tornado,0.75,500000,1,95.52227296969696,178.174,2.4587336782458733
0.9,186750,tornado,0.75,500000,2,96.07392860606059,162.819,2.3828529194382853
0.9,186750,tornado,0.75,500000,3,95.78888642424238,179.722,2.2892338014289235
0.1,20750,tornado,0.75,2000000,1,261.4298618181819,544.501,1.9708101422387136
0.1,20750,tornado,0.75,2000000,2,263.65014303030273,494.027,2.06134817563389
0.1,20750,tornado,0.75,2000000,3,263.8598133333333,597.714,2.042795299938157
0.25,51875,tornado,0.75,2000000,1,284.9710896969697,612.9,0.941991341991342
0.25,51875,tornado,0.75,2000000,2,287.5872800000006,555.295,1.0147186147186147
0.25,51875,tornado,0.75,2000000,3,285.61881454545477,636.373,1.0421768707482992
0.5,103750,tornado,0.75,2000000,1,334.89406303030296,717.358,0.6738404452690167
0.5,103750,tornado,0.75,2000000,2,342.5314230303033,690.135,0.6914038342609771
0.5,103750,tornado,0.75,2000000,3,338.36349090909107,697.98,0.6530612244897959
0.75,155625,tornado,0.75,2000000,1,448.57745333333315,1371.86,0.6285714285714286
0.75,155625,tornado,0.75,2000000,2,466.6665054545453,1204.14,0.610513296227582
0.75,155625,tornado,0.75,2000000,3,452.51028000000036,1090.37,0.5689548546691404
0.9,186750,tornado,0.75,2000000,1,533.6021878787877,1561.11,0.6181818181818182
0.9,186750,tornado,0.75,2000000,2,559.6157260606061,1492.88,0.5763760049474336
0.9,186750,tornado,0.75,2000000,3,546.2009284848489,1318.99,0.5813234384662956
0.1,20750,tornado,0.75,10000000,1,1260.6664739393946,2998.15,0.5714993067934244
0.1,20750,tornado,0.75,10000000,2,1284.6197915151515,2641.51,0.5493166963755199
0.1,20750,tornado,0.75,10000000,3,1275.962706666666,3047.68,0.5384234501881561
0.25,51875,tornado,0.75,10000000,1,1357.1203709090894,3173.44,0.20627847098435334
0.25,51875,tornado,0.75,10000000,2,1377.7856230303025,2880.99,0.21657754010695188
0.25,51875,tornado,0.75,10000000,3,1362.6902787878798,3219.84,0.22648049118637353
0.5,103750,tornado,0.75,10000000,1,1495.0521442424251,3248.73,0.13557140027728262
0.5,103750,tornado,0.75,10000000,2,1536.57152,3149.2,0.1383937413349178
0.5,103750,tornado,0.75,10000000,3,1520.7515381818182,3395.94,0.13091701326995445
0.75,155625,tornado,0.75,10000000,1,2776.209044848486,10011.8,0.12576747870865518
0.75,155625,tornado,0.75,10000000,2,2883.37854787879,7254.01,0.12215290156466627
0.75,155625,tornado,0.75,10000000,3,2864.940852121214,7997.19,0.11388393741334918
0.9,186750,tornado,0.75,10000000,1,4326.944052121211,10063.9,0.12373737373737374
0.9,186750,tornado,0.75,10000000,2,4530.771717575756,11606.8,0.11531986531986532
0.9,186750,tornado,0.75,10000000,3,4330.767021818182,10295.1,0.1163101604278075
0.1,20750,tornado,1.0,100000,1,30.953523727272756,36.517,0.04727272727272727
0.1,20750,tornado,1.0,100000,2,30.92592918181817,36.7866,0.20727272727272728
0.1,20750,tornado,1.0,100000,3,31.01995863636363,36.5496,0.14181818181818182
0.25,51875,tornado,1.0,100000,1,30.390211454545437,40.9237,0.05454545454545454
0.25,51875,tornado,1.0,100000,2,30.386496636363642,40.5866,0.0
0.25,51875,tornado,1.0,100000,3,30.491754181818205,39.3155,0.0
0.5,103750,tornado,1.0,100000,1,32.3102209090909,45.3776,0.12363636363636364
0.5,103750,tornado,1.0,100000,2,32.39450454545454,42.1366,0.05090909090909091
0.5,103750,tornado,1.0,100000,3,32.485976818181776,45.9088,0.0036363636363636364
0.75,155625,tornado,1.0,100000,1,36.21823636363634,46.3616,0.09818181818181818
0.75,155625,tornado,1.0,100000,2,36.26372854545455,45.1296,0.007272727272727273
0.75,155625,tornado,1.0,100000,3,36.503380181818166,47.251,0.0
0.9,186750,tornado,1.0,100000,1,40.11153490909096,49.9066,1.3709090909090909
0.9,186750,tornado,1.0,100000,2,40.15481572727275,49.5797,1.3381818181818181
0.9,186750,tornado,1.0,100000,3,40.162000909090885,50.5824,1.1490909090909092
0.1,20750,tornado,1.0,500000,1,90.46994890909096,118.475,13.719881744271989
0.1,20750,tornado,1.0,500000,2,90.45210154545448,114.978,13.364375461936438
0.1,20750,tornado,1.0,500000,3,90.26543290909109,116.379,13.7620103473762
0.25,51875,tornado,1.0,500000,1,93.01470509090903,136.227,8.29120473022912
0.25,51875,tornado,1.0,500000,2,93.09140936363639,136.149,8.185513673318551
0.25,51875,tornado,1.0,500000,3,93.14183127272732,127.29,8.41980783444198
0.5,103750,tornado,1.0,500000,1,99.26307763636372,167.043,2.3976348854397633
0.5,103750,tornado,1.0,500000,2,99.8712466363635,161.115,2.9386548410938653
0.5,103750,tornado,1.0,500000,3,100.60983818181822,167.612,2.85070214338507
0.75,155625,tornado,1.0,500000,1,103.56488009090927,183.107,2.4855875831485585
0.75,155625,tornado,1.0,500000,2,104.35233545454561,171.994,2.4781966001478195
0.75,155625,tornado,1.0,500000,3,105.16570954545458,186.281,2.632668144863267
0.9,186750,tornado,1.0,500000,1,105.81131663636359,184.239,2.582409460458241
0.9,186750,tornado,1.0,500000,2,107.22980309090899,182.425,2.526237989652624
0.9,186750,tornado,1.0,500000,3,107.89680990909092,196.666,2.505543237250554
0.1,20750,tornado,1.0,2000000,1,316.3914709090908,566.047,5.19443413729128
0.1,20750,tornado,1.0,2000000,2,315.9157463636363,554.882,5.248794063079777
0.1,20750,tornado,1.0,2000000,3,319.0114981818186,547.96,5.32504638218924
0.25,51875,tornado,1.0,2000000,1,327.7821654545456,628.298,2.7400742115027827
0.25,51875,tornado,1.0,2000000,2,329.59655454545475,606.7,2.8257884972170686
0.25,51875,tornado,1.0,2000000,3,331.844306363637,645.359,2.8358070500927646
0.5,103750,tornado,1.0,2000000,1,385.0159509090908,761.488,0.4849721706864564
0.5,103750,tornado,1.0,2000000,2,391.4024090909095,748.427,0.6024118738404453
0.5,103750,tornado,1.0,2000000,3,392.25396909090904,749.147,0.6137291280148423
0.75,155625,tornado,1.0,2000000,1,591.541174545455,1635.78,0.5159554730983302
0.75,155625,tornado,1.0,2000000,2,584.7447509090911,1640.74,0.5332096474953618
0.75,155625,tornado,1.0,2000000,3,643.1538100000004,1802.75,0.6
0.9,186750,tornado,1.0,2000000,1,738.9097827272735,1821.77,0.5662337662337662
0.9,186750,tornado,1.0,2000000,2,793.0334445454531,2061.67,0.5640074211502782
0.9,186750,tornado,1.0,2000000,3,850.0431736363641,2306.03,0.5764378478664193
0.1,20750,tornado,1.0,10000000,1,1509.4192681818201,2957.51,1.7076648841354725
0.1,20750,tornado,1.0,10000000,2,1510.0774245454547,2810.43,1.737410873440285
0.1,20750,tornado,1.0,10000000,3,1527.5105790909108,2933.2,1.8693924539512774
0.25,51875,tornado,1.0,10000000,1,1575.7598909090896,3262.85,0.735034165181224
0.25,51875,tornado,1.0,10000000,2,1588.3642190909077,3214.69,0.7752153891859774
0.25,51875,tornado,1.0,10000000,3,1601.998118181818,3433.62,0.779931669637552
0.5,103750,tornado,1.0,10000000,1,1723.1768481818187,3402.98,0.09707367795603089
0.5,103750,tornado,1.0,10000000,2,1771.8417418181816,3482.0,0.12117498514557339
0.5,103750,tornado,1.0,10000000,3,1787.6058281818164,3674.7,0.12284610814022578
0.75,155625,tornado,1.0,10000000,1,2974.1156518181824,10409.1,0.10327540106951871
0.75,155625,tornado,1.0,10000000,2,3081.466283636364,10488.6,0.10672905525846703
0.75,155625,tornado,1.0,10000000,3,3842.5436563636395,11924.1,0.12009803921568628
0.9,186750,tornado,1.0,10000000,1,4979.897802727275,11739.1,0.11341354723707665
0.9,186750,tornado,1.0,10000000,2,5584.705932727277,13349.6,0.11289364230540701
0.9,186750,tornado,1.0,10000000,3,6067.378393636361,15537.8,0.11534462269756388
