warmup,explore_prob,pattern,load,flowsize,mean_delta_pct,p99_delta_pct,rtx_pct
0,0,tornado,0.25,100000,48.892,50.384,2.288
0,0,tornado,0.25,2000000,13.300,21.633,2.978
0,0,tornado,0.5,100000,65.053,60.935,39.634
0,0,tornado,0.5,2000000,29.717,39.275,5.990
0,0,tornado,0.75,100000,59.052,48.778,59.496
0,0,tornado,0.75,2000000,17.584,-1.277,6.727
0,0,tornado,1.0,100000,43.045,38.502,72.692
0,0,tornado,1.0,2000000,5.919,-7.241,7.186
0,0,permutation_random,0.6,100000,-12.665,-11.112,0.000
0,0,permutation_random,0.6,2000000,-6.159,-5.792,0.005
0,0,permutation_random,0.7,100000,-13.800,-11.966,0.000
0,0,permutation_random,0.7,2000000,-5.855,-8.539,0.151
0,0,permutation_random,0.8,100000,-16.344,-15.856,0.000
0,0,permutation_random,0.8,2000000,-6.059,-8.873,0.362
0,0,permutation_random,0.9,100000,-17.636,-16.757,0.000
0,0,permutation_random,0.9,2000000,-5.794,-5.399,0.492
0,20,tornado,0.25,100000,34.645,44.161,0.179
0,20,tornado,0.25,2000000,6.632,11.321,1.565
0,20,tornado,0.5,100000,58.146,54.240,21.796
0,20,tornado,0.5,2000000,19.028,26.511,4.667
0,20,tornado,0.75,100000,53.183,45.943,40.160
0,20,tornado,0.75,2000000,10.512,-6.489,5.508
0,20,tornado,1.0,100000,40.205,34.847,51.269
0,20,tornado,1.0,2000000,0.869,-9.659,6.006
0,20,permutation_random,0.6,100000,-9.572,-9.853,0.000
0,20,permutation_random,0.6,2000000,-6.431,-6.432,0.009
0,20,permutation_random,0.7,100000,-11.045,-9.571,0.000
0,20,permutation_random,0.7,2000000,-5.629,-7.815,0.154
0,20,permutation_random,0.8,100000,-12.999,-10.498,0.000
0,20,permutation_random,0.8,2000000,-5.559,-7.946,0.322
0,20,permutation_random,0.9,100000,-14.237,-14.180,0.000
0,20,permutation_random,0.9,2000000,-5.128,-6.750,0.471
0,40,tornado,0.25,100000,15.768,27.948,0.000
0,40,tornado,0.25,2000000,2.882,2.833,0.428
0,40,tornado,0.5,100000,48.517,42.013,5.719
0,40,tornado,0.5,2000000,10.621,16.077,3.179
0,40,tornado,0.75,100000,44.135,39.036,22.032
0,40,tornado,0.75,2000000,5.094,-11.525,4.212
0,40,tornado,1.0,100000,34.996,32.075,31.218
0,40,tornado,1.0,2000000,-2.824,-6.012,4.661
0,40,permutation_random,0.6,100000,-7.302,-7.147,0.000
0,40,permutation_random,0.6,2000000,-6.140,-6.140,0.008
0,40,permutation_random,0.7,100000,-8.694,-8.205,0.000
0,40,permutation_random,0.7,2000000,-4.729,-6.502,0.182
0,40,permutation_random,0.8,100000,-10.514,-10.646,0.000
0,40,permutation_random,0.8,2000000,-4.416,-6.613,0.349
0,40,permutation_random,0.9,100000,-11.401,-11.882,0.000
0,40,permutation_random,0.9,2000000,-3.998,-4.810,0.459
0,70,tornado,0.25,100000,-1.264,-0.085,0.000
0,70,tornado,0.25,2000000,0.016,-1.033,0.000
0,70,tornado,0.5,100000,10.906,17.643,0.000
0,70,tornado,0.5,2000000,3.523,5.550,0.611
0,70,tornado,0.75,100000,20.245,19.231,0.438
0,70,tornado,0.75,2000000,0.657,-1.478,1.894
0,70,tornado,1.0,100000,17.167,14.592,4.704
0,70,tornado,1.0,2000000,-3.935,0.949,2.503
0,70,permutation_random,0.6,100000,-3.636,-3.796,0.000
0,70,permutation_random,0.6,2000000,-3.543,-2.657,0.027
0,70,permutation_random,0.7,100000,-4.151,-3.837,0.000
0,70,permutation_random,0.7,2000000,-2.335,-1.087,0.182
0,70,permutation_random,0.8,100000,-5.300,-4.258,0.000
0,70,permutation_random,0.8,2000000,-1.539,1.398,0.333
0,70,permutation_random,0.9,100000,-5.756,-5.136,0.000
0,70,permutation_random,0.9,2000000,-1.075,0.495,0.498
0.5,0,tornado,0.25,100000,3.901,7.576,0.000
0.5,0,tornado,0.25,2000000,9.205,14.971,2.194
0.5,0,tornado,0.5,100000,16.873,20.225,0.000
0.5,0,tornado,0.5,2000000,22.811,29.864,5.278
0.5,0,tornado,0.75,100000,20.313,19.511,0.204
0.5,0,tornado,0.75,2000000,12.892,-6.128,6.145
0.5,0,tornado,1.0,100000,18.311,16.018,2.508
0.5,0,tornado,1.0,2000000,1.569,-11.885,6.457
0.5,0,permutation_random,0.6,100000,-4.496,-7.131,0.000
0.5,0,permutation_random,0.6,2000000,-5.039,-5.131,0.017
0.5,0,permutation_random,0.7,100000,-4.815,-5.920,0.000
0.5,0,permutation_random,0.7,2000000,-4.912,-7.330,0.183
0.5,0,permutation_random,0.8,100000,-5.652,-5.779,0.000
0.5,0,permutation_random,0.8,2000000,-4.834,-6.536,0.341
0.5,0,permutation_random,0.9,100000,-5.744,-6.547,0.000
0.5,0,permutation_random,0.9,2000000,-3.977,-5.722,0.474
0.5,20,tornado,0.25,100000,0.460,0.453,0.000
0.5,20,tornado,0.25,2000000,4.688,7.012,1.012
0.5,20,tornado,0.5,100000,8.404,11.864,0.000
0.5,20,tornado,0.5,2000000,14.447,20.005,4.014
0.5,20,tornado,0.75,100000,9.777,13.033,0.002
0.5,20,tornado,0.75,2000000,6.824,-11.364,4.843
0.5,20,tornado,1.0,100000,10.217,10.782,0.313
0.5,20,tornado,1.0,2000000,-2.385,-10.178,5.145
0.5,20,permutation_random,0.6,100000,-3.190,-4.019,0.000
0.5,20,permutation_random,0.6,2000000,-5.843,-5.659,0.008
0.5,20,permutation_random,0.7,100000,-3.368,-1.473,0.000
0.5,20,permutation_random,0.7,2000000,-4.737,-6.170,0.164
0.5,20,permutation_random,0.8,100000,-4.197,-3.073,0.000
0.5,20,permutation_random,0.8,2000000,-4.371,-6.260,0.332
0.5,20,permutation_random,0.9,100000,-4.535,-5.001,0.000
0.5,20,permutation_random,0.9,2000000,-3.266,-3.506,0.491
0.5,40,tornado,0.25,100000,-0.890,-1.397,0.000
0.5,40,tornado,0.25,2000000,2.213,2.316,0.220
0.5,40,tornado,0.5,100000,1.569,2.713,0.000
0.5,40,tornado,0.5,2000000,8.342,11.925,2.633
0.5,40,tornado,0.75,100000,1.021,1.801,0.000
0.5,40,tornado,0.75,2000000,2.889,-11.741,3.579
0.5,40,tornado,1.0,100000,0.372,2.360,0.000
0.5,40,tornado,1.0,2000000,-4.651,-4.302,3.822
0.5,40,permutation_random,0.6,100000,-2.310,-3.359,0.000
0.5,40,permutation_random,0.6,2000000,-5.580,-4.707,0.008
0.5,40,permutation_random,0.7,100000,-2.232,0.946,0.000
0.5,40,permutation_random,0.7,2000000,-4.323,-6.169,0.166
0.5,40,permutation_random,0.8,100000,-2.773,-0.637,0.000
0.5,40,permutation_random,0.8,2000000,-3.090,-4.015,0.330
0.5,40,permutation_random,0.9,100000,-2.863,-3.376,0.000
0.5,40,permutation_random,0.9,2000000,-2.372,-1.029,0.501
0.5,70,tornado,0.25,100000,-0.848,-0.502,0.000
0.5,70,tornado,0.25,2000000,-0.052,-1.578,0.000
0.5,70,tornado,0.5,100000,-0.869,0.148,0.000
0.5,70,tornado,0.5,2000000,2.805,4.614,0.423
0.5,70,tornado,0.75,100000,-1.940,-2.598,0.000
0.5,70,tornado,0.75,2000000,0.361,1.230,1.498
0.5,70,tornado,1.0,100000,-3.096,-1.530,0.000
0.5,70,tornado,1.0,2000000,-3.288,-0.513,2.142
0.5,70,permutation_random,0.6,100000,-0.865,-2.006,0.000
0.5,70,permutation_random,0.6,2000000,-3.389,-2.348,0.017
0.5,70,permutation_random,0.7,100000,-0.039,4.268,0.000
0.5,70,permutation_random,0.7,2000000,-1.968,-0.659,0.199
0.5,70,permutation_random,0.8,100000,-0.660,2.452,0.000
0.5,70,permutation_random,0.8,2000000,-0.982,1.894,0.340
0.5,70,permutation_random,0.9,100000,-0.766,-0.374,0.000
0.5,70,permutation_random,0.9,2000000,-0.620,0.211,0.501
1,0,tornado,0.25,100000,0.308,0.221,0.000
1,0,tornado,0.25,2000000,7.297,12.450,1.742
1,0,tornado,0.5,100000,1.248,2.837,0.000
1,0,tornado,0.5,2000000,17.561,21.432,4.595
1,0,tornado,0.75,100000,1.616,3.536,0.000
1,0,tornado,0.75,2000000,6.799,-11.897,4.772
1,0,tornado,1.0,100000,1.266,3.528,0.000
1,0,tornado,1.0,2000000,-2.726,-9.265,4.854
1,0,permutation_random,0.6,100000,0.559,1.139,0.000
1,0,permutation_random,0.6,2000000,-3.372,-3.792,0.027
1,0,permutation_random,0.7,100000,1.438,3.818,0.000
1,0,permutation_random,0.7,2000000,-4.223,-5.341,0.171
1,0,permutation_random,0.8,100000,1.305,3.250,0.000
1,0,permutation_random,0.8,2000000,-3.688,-5.030,0.310
1,0,permutation_random,0.9,100000,1.662,2.309,0.000
1,0,permutation_random,0.9,2000000,-2.750,-4.828,0.497
1,20,tornado,0.25,100000,0.308,0.221,0.000
1,20,tornado,0.25,2000000,4.006,4.469,0.787
1,20,tornado,0.5,100000,1.248,2.837,0.000
1,20,tornado,0.5,2000000,11.357,15.338,3.448
1,20,tornado,0.75,100000,1.616,3.536,0.000
1,20,tornado,0.75,2000000,3.664,-13.688,3.789
1,20,tornado,1.0,100000,1.266,3.528,0.000
1,20,tornado,1.0,2000000,-4.337,-5.822,3.867
1,20,permutation_random,0.6,100000,0.983,2.499,0.000
1,20,permutation_random,0.6,2000000,-5.353,-5.129,0.012
1,20,permutation_random,0.7,100000,1.434,3.433,0.000
1,20,permutation_random,0.7,2000000,-4.135,-5.333,0.180
1,20,permutation_random,0.8,100000,1.349,3.518,0.000
1,20,permutation_random,0.8,2000000,-3.084,-4.205,0.315
1,20,permutation_random,0.9,100000,1.497,3.193,0.000
1,20,permutation_random,0.9,2000000,-2.251,-3.164,0.486
1,40,tornado,0.25,100000,0.308,0.221,0.000
1,40,tornado,0.25,2000000,1.947,1.070,0.175
1,40,tornado,0.5,100000,1.248,2.837,0.000
1,40,tornado,0.5,2000000,6.971,9.675,2.211
1,40,tornado,0.75,100000,1.616,3.536,0.000
1,40,tornado,0.75,2000000,1.442,-8.504,2.825
1,40,tornado,1.0,100000,1.266,3.528,0.000
1,40,tornado,1.0,2000000,-4.820,-0.267,2.949
1,40,permutation_random,0.6,100000,0.983,2.499,0.000
1,40,permutation_random,0.6,2000000,-5.251,-4.540,0.006
1,40,permutation_random,0.7,100000,1.434,3.433,0.000
1,40,permutation_random,0.7,2000000,-3.436,-5.231,0.197
1,40,permutation_random,0.8,100000,1.349,3.518,0.000
1,40,permutation_random,0.8,2000000,-2.258,-2.074,0.327
1,40,permutation_random,0.9,100000,1.497,3.193,0.000
1,40,permutation_random,0.9,2000000,-1.578,-1.244,0.484
1,70,tornado,0.25,100000,0.308,0.221,0.000
1,70,tornado,0.25,2000000,-0.055,-1.797,0.000
1,70,tornado,0.5,100000,1.248,2.837,0.000
1,70,tornado,0.5,2000000,2.632,3.923,0.280
1,70,tornado,0.75,100000,1.616,3.536,0.000
1,70,tornado,0.75,2000000,0.567,2.056,1.279
1,70,tornado,1.0,100000,1.266,3.528,0.000
1,70,tornado,1.0,2000000,-1.967,0.911,1.744
1,70,permutation_random,0.6,100000,0.983,2.499,0.000
1,70,permutation_random,0.6,2000000,-2.996,-2.346,0.026
1,70,permutation_random,0.7,100000,1.434,3.433,0.000
1,70,permutation_random,0.7,2000000,-1.744,0.363,0.178
1,70,permutation_random,0.8,100000,1.349,3.518,0.000
1,70,permutation_random,0.8,2000000,-0.645,0.986,0.327
1,70,permutation_random,0.9,100000,1.497,3.193,0.000
1,70,permutation_random,0.9,2000000,-0.503,1.464,0.479
2,0,tornado,0.25,100000,0.308,0.221,0.000
2,0,tornado,0.25,2000000,6.941,9.700,1.685
2,0,tornado,0.5,100000,1.248,2.837,0.000
2,0,tornado,0.5,2000000,15.802,21.221,4.383
2,0,tornado,0.75,100000,1.616,3.536,0.000
2,0,tornado,0.75,2000000,5.593,-12.318,4.484
2,0,tornado,1.0,100000,1.266,3.528,0.000
2,0,tornado,1.0,2000000,-4.393,-2.223,3.789
2,0,permutation_random,0.6,100000,0.683,0.539,0.000
2,0,permutation_random,0.6,2000000,-2.429,-2.960,0.036
2,0,permutation_random,0.7,100000,1.573,3.697,0.000
2,0,permutation_random,0.7,2000000,-3.347,-5.340,0.152
2,0,permutation_random,0.8,100000,1.117,3.483,0.000
2,0,permutation_random,0.8,2000000,-3.479,-4.854,0.299
2,0,permutation_random,0.9,100000,1.555,2.484,0.000
2,0,permutation_random,0.9,2000000,-3.044,-5.603,0.481
2,20,tornado,0.25,100000,0.308,0.221,0.000
2,20,tornado,0.25,2000000,3.949,4.245,0.773
2,20,tornado,0.5,100000,1.248,2.837,0.000
2,20,tornado,0.5,2000000,10.468,15.890,3.319
2,20,tornado,0.75,100000,1.616,3.536,0.000
2,20,tornado,0.75,2000000,3.460,-13.276,3.664
2,20,tornado,1.0,100000,1.266,3.528,0.000
2,20,tornado,1.0,2000000,-5.159,-0.789,3.140
2,20,permutation_random,0.6,100000,0.683,0.539,0.000
2,20,permutation_random,0.6,2000000,-4.099,-4.348,0.016
2,20,permutation_random,0.7,100000,1.573,3.697,0.000
2,20,permutation_random,0.7,2000000,-3.702,-6.669,0.148
2,20,permutation_random,0.8,100000,1.117,3.483,0.000
2,20,permutation_random,0.8,2000000,-2.957,-3.569,0.333
2,20,permutation_random,0.9,100000,1.555,2.484,0.000
2,20,permutation_random,0.9,2000000,-2.610,-5.080,0.436
2,40,tornado,0.25,100000,0.308,0.221,0.000
2,40,tornado,0.25,2000000,2.012,1.917,0.171
2,40,tornado,0.5,100000,1.248,2.837,0.000
2,40,tornado,0.5,2000000,6.440,8.783,2.121
2,40,tornado,0.75,100000,1.616,3.536,0.000
2,40,tornado,0.75,2000000,1.593,-7.852,2.757
2,40,tornado,1.0,100000,1.266,3.528,0.000
2,40,tornado,1.0,2000000,-4.443,1.476,2.514
2,40,permutation_random,0.6,100000,0.683,0.539,0.000
2,40,permutation_random,0.6,2000000,-4.600,-4.150,0.005
2,40,permutation_random,0.7,100000,1.573,3.697,0.000
2,40,permutation_random,0.7,2000000,-3.050,-3.115,0.170
2,40,permutation_random,0.8,100000,1.117,3.483,0.000
2,40,permutation_random,0.8,2000000,-2.241,-0.845,0.317
2,40,permutation_random,0.9,100000,1.555,2.484,0.000
2,40,permutation_random,0.9,2000000,-2.014,-2.803,0.442
2,70,tornado,0.25,100000,0.308,0.221,0.000
2,70,tornado,0.25,2000000,-0.046,-1.879,0.000
2,70,tornado,0.5,100000,1.248,2.837,0.000
2,70,tornado,0.5,2000000,2.622,4.624,0.273
2,70,tornado,0.75,100000,1.616,3.536,0.000
2,70,tornado,0.75,2000000,0.233,1.335,1.160
2,70,tornado,1.0,100000,1.266,3.528,0.000
2,70,tornado,1.0,2000000,-1.309,1.386,1.507
2,70,permutation_random,0.6,100000,0.683,0.539,0.000
2,70,permutation_random,0.6,2000000,-2.897,-2.057,0.016
2,70,permutation_random,0.7,100000,1.573,3.697,0.000
2,70,permutation_random,0.7,2000000,-1.366,1.327,0.187
2,70,permutation_random,0.8,100000,1.117,3.483,0.000
2,70,permutation_random,0.8,2000000,-0.647,2.450,0.338
2,70,permutation_random,0.9,100000,1.555,2.484,0.000
2,70,permutation_random,0.9,2000000,-0.948,1.165,0.442
4,0,tornado,0.25,100000,0.308,0.221,0.000
4,0,tornado,0.25,2000000,6.698,9.058,1.657
4,0,tornado,0.5,100000,1.248,2.837,0.000
4,0,tornado,0.5,2000000,15.045,20.249,4.276
4,0,tornado,0.75,100000,1.616,3.536,0.000
4,0,tornado,0.75,2000000,5.014,-9.456,4.385
4,0,tornado,1.0,100000,1.266,3.528,0.000
4,0,tornado,1.0,2000000,-0.369,-5.352,4.486
4,0,permutation_random,0.6,100000,0.683,0.539,0.000
4,0,permutation_random,0.6,2000000,-2.194,-2.210,0.063
4,0,permutation_random,0.7,100000,1.573,3.697,0.000
4,0,permutation_random,0.7,2000000,-2.867,-4.852,0.228
4,0,permutation_random,0.8,100000,1.117,3.483,0.000
4,0,permutation_random,0.8,2000000,-2.936,-6.712,0.425
4,0,permutation_random,0.9,100000,1.555,2.484,0.000
4,0,permutation_random,0.9,2000000,-3.335,-2.752,0.546
4,20,tornado,0.25,100000,0.308,0.221,0.000
4,20,tornado,0.25,2000000,3.655,3.687,0.719
4,20,tornado,0.5,100000,1.248,2.837,0.000
4,20,tornado,0.5,2000000,9.900,14.883,3.244
4,20,tornado,0.75,100000,1.616,3.536,0.000
4,20,tornado,0.75,2000000,3.232,-9.277,3.597
4,20,tornado,1.0,100000,1.266,3.528,0.000
4,20,tornado,1.0,2000000,-0.729,-2.561,3.806
4,20,permutation_random,0.6,100000,0.683,0.539,0.000
4,20,permutation_random,0.6,2000000,-3.666,-2.779,0.052
4,20,permutation_random,0.7,100000,1.573,3.697,0.000
4,20,permutation_random,0.7,2000000,-3.084,-4.512,0.188
4,20,permutation_random,0.8,100000,1.117,3.483,0.000
4,20,permutation_random,0.8,2000000,-2.540,-3.383,0.450
4,20,permutation_random,0.9,100000,1.555,2.484,0.000
4,20,permutation_random,0.9,2000000,-3.219,-1.569,0.487
4,40,tornado,0.25,100000,0.308,0.221,0.000
4,40,tornado,0.25,2000000,1.902,0.912,0.149
4,40,tornado,0.5,100000,1.248,2.837,0.000
4,40,tornado,0.5,2000000,6.268,8.678,2.092
4,40,tornado,0.75,100000,1.616,3.536,0.000
4,40,tornado,0.75,2000000,1.743,-3.303,2.727
4,40,tornado,1.0,100000,1.266,3.528,0.000
4,40,tornado,1.0,2000000,-0.725,-1.700,3.111
4,40,permutation_random,0.6,100000,0.683,0.539,0.000
4,40,permutation_random,0.6,2000000,-3.894,-3.587,0.053
4,40,permutation_random,0.7,100000,1.573,3.697,0.000
4,40,permutation_random,0.7,2000000,-2.584,-3.031,0.187
4,40,permutation_random,0.8,100000,1.117,3.483,0.000
4,40,permutation_random,0.8,2000000,-1.890,-1.355,0.405
4,40,permutation_random,0.9,100000,1.555,2.484,0.000
4,40,permutation_random,0.9,2000000,-2.962,0.126,0.431
4,70,tornado,0.25,100000,0.308,0.221,0.000
4,70,tornado,0.25,2000000,-0.038,-1.253,0.000
4,70,tornado,0.5,100000,1.248,2.837,0.000
4,70,tornado,0.5,2000000,2.643,3.896,0.284
4,70,tornado,0.75,100000,1.616,3.536,0.000
4,70,tornado,0.75,2000000,0.289,3.266,1.125
4,70,tornado,1.0,100000,1.266,3.528,0.000
4,70,tornado,1.0,2000000,0.564,0.049,1.803
4,70,permutation_random,0.6,100000,0.683,0.539,0.000
4,70,permutation_random,0.6,2000000,-2.063,-1.032,0.061
4,70,permutation_random,0.7,100000,1.573,3.697,0.000
4,70,permutation_random,0.7,2000000,-1.339,1.334,0.205
4,70,permutation_random,0.8,100000,1.117,3.483,0.000
4,70,permutation_random,0.8,2000000,-0.840,4.215,0.372
4,70,permutation_random,0.9,100000,1.555,2.484,0.000
4,70,permutation_random,0.9,2000000,-2.034,2.875,0.438
